row_type,step,group,term,raw,reference,fulfillment,discounted_sum,fpl_score
perstep,0,orientation,orientation_rz,1.000000,1.000000,1.000000,,
perstep,0,height,torso_height,0.981920,0.900000,0.908978,,
perstep,0,posture,left_hip_pitch_joint,-0.002937,0.000000,0.998980,,
perstep,0,posture,left_hip_roll_joint,0.001039,0.000000,0.999650,,
perstep,0,posture,left_hip_yaw_joint,-0.008109,0.000000,0.997059,,
perstep,0,posture,left_knee_joint,0.012463,0.000000,0.995672,,
perstep,0,posture,left_ankle_pitch_joint,0.001774,0.000000,0.997967,,
perstep,0,posture,left_ankle_roll_joint,-0.004370,0.000000,0.983308,,
perstep,0,posture,right_hip_pitch_joint,-0.008920,0.000000,0.996903,,
perstep,0,posture,right_hip_roll_joint,-0.003248,0.000000,0.998905,,
perstep,0,posture,right_hip_yaw_joint,0.004358,0.000000,0.998420,,
perstep,0,posture,right_knee_joint,0.024387,0.000000,0.991532,,
perstep,0,posture,right_ankle_pitch_joint,0.011398,0.000000,0.986939,,
perstep,0,posture,right_ankle_roll_joint,0.006169,0.000000,0.976435,,
perstep,0,posture,waist_yaw_joint,0.011249,0.000000,0.995703,,
perstep,0,posture,waist_roll_joint,-0.005515,0.000000,0.989394,,
perstep,0,posture,waist_pitch_joint,-0.002854,0.000000,0.994512,,
perstep,0,posture,left_shoulder_pitch_joint,0.191479,0.200000,0.997409,,
perstep,0,posture,left_shoulder_roll_joint,0.191739,0.200000,0.995973,,
perstep,0,posture,left_shoulder_yaw_joint,0.003335,0.000000,0.998726,,
perstep,0,posture,left_elbow_joint,1.270728,1.280000,0.996016,,
perstep,0,posture,left_wrist_roll_joint,0.003060,0.000000,0.998449,,
perstep,0,posture,left_wrist_pitch_joint,-0.000125,0.000000,0.999922,,
perstep,0,posture,left_wrist_yaw_joint,0.000250,0.000000,0.999845,,
perstep,0,posture,right_shoulder_pitch_joint,0.192418,0.200000,0.997695,,
perstep,0,posture,right_shoulder_roll_joint,-0.190726,-0.200000,0.995479,,
perstep,0,posture,right_shoulder_yaw_joint,-0.010101,0.000000,0.996142,,
perstep,0,posture,right_elbow_joint,1.271046,1.280000,0.996153,,
perstep,0,posture,right_wrist_roll_joint,-0.004954,0.000000,0.997488,,
perstep,0,posture,right_wrist_pitch_joint,-0.001703,0.000000,0.998945,,
perstep,0,posture,right_wrist_yaw_joint,-0.002029,0.000000,0.998743,,
perstep,1,orientation,orientation_rz,0.999985,1.000000,1.000000,,
perstep,1,height,torso_height,0.978985,0.900000,0.912239,,
perstep,1,posture,left_hip_pitch_joint,-0.000599,0.000000,0.999792,,
perstep,1,posture,left_hip_roll_joint,0.010973,0.000000,0.996302,,
perstep,1,posture,left_hip_yaw_joint,-0.002766,0.000000,0.998997,,
perstep,1,posture,left_knee_joint,0.033138,0.000000,0.988493,,
perstep,1,posture,left_ankle_pitch_joint,-0.002069,0.000000,0.997629,,
perstep,1,posture,left_ankle_roll_joint,-0.009452,0.000000,0.963896,,
perstep,1,posture,right_hip_pitch_joint,-0.004211,0.000000,0.998538,,
perstep,1,posture,right_hip_roll_joint,0.005838,0.000000,0.998032,,
perstep,1,posture,right_hip_yaw_joint,0.024612,0.000000,0.991075,,
perstep,1,posture,right_knee_joint,0.041672,0.000000,0.985530,,
perstep,1,posture,right_ankle_pitch_joint,-0.001281,0.000000,0.998532,,
perstep,1,posture,right_ankle_roll_joint,0.010530,0.000000,0.959777,,
perstep,1,posture,waist_yaw_joint,0.006990,0.000000,0.997330,,
perstep,1,posture,waist_roll_joint,0.001700,0.000000,0.996732,,
perstep,1,posture,waist_pitch_joint,-0.002950,0.000000,0.994327,,
perstep,1,posture,left_shoulder_pitch_joint,0.175351,0.200000,0.992506,,
perstep,1,posture,left_shoulder_roll_joint,0.173585,0.200000,0.987124,,
perstep,1,posture,left_shoulder_yaw_joint,0.000219,0.000000,0.999916,,
perstep,1,posture,left_elbow_joint,1.252727,1.280000,0.988281,,
perstep,1,posture,left_wrist_roll_joint,0.008896,0.000000,0.995489,,
perstep,1,posture,left_wrist_pitch_joint,-0.001869,0.000000,0.998842,,
perstep,1,posture,left_wrist_yaw_joint,0.002531,0.000000,0.998432,,
perstep,1,posture,right_shoulder_pitch_joint,0.174915,0.200000,0.992374,,
perstep,1,posture,right_shoulder_roll_joint,-0.173037,-0.200000,0.986857,,
perstep,1,posture,right_shoulder_yaw_joint,-0.010461,0.000000,0.996004,,
perstep,1,posture,right_elbow_joint,1.252617,1.280000,0.988233,,
perstep,1,posture,right_wrist_roll_joint,-0.014818,0.000000,0.992487,,
perstep,1,posture,right_wrist_pitch_joint,-0.001198,0.000000,0.999258,,
perstep,1,posture,right_wrist_yaw_joint,-0.002156,0.000000,0.998665,,
perstep,2,orientation,orientation_rz,0.999846,1.000000,1.000000,,
perstep,2,height,torso_height,0.978763,0.900000,0.912486,,
perstep,2,posture,left_hip_pitch_joint,0.009325,0.000000,0.996762,,
perstep,2,posture,left_hip_roll_joint,0.016863,0.000000,0.994317,,
perstep,2,posture,left_hip_yaw_joint,0.013124,0.000000,0.995241,,
perstep,2,posture,left_knee_joint,0.070591,0.000000,0.975488,,
perstep,2,posture,left_ankle_pitch_joint,-0.003262,0.000000,0.996262,,
perstep,2,posture,left_ankle_roll_joint,-0.008444,0.000000,0.967747,,
perstep,2,posture,right_hip_pitch_joint,0.010731,0.000000,0.996274,,
perstep,2,posture,right_hip_roll_joint,0.019216,0.000000,0.993524,,
perstep,2,posture,right_hip_yaw_joint,0.049486,0.000000,0.982055,,
perstep,2,posture,right_knee_joint,0.059576,0.000000,0.979313,,
perstep,2,posture,right_ankle_pitch_joint,-0.018820,0.000000,0.978434,,
perstep,2,posture,right_ankle_roll_joint,0.008799,0.000000,0.966389,,
perstep,2,posture,waist_yaw_joint,-0.007553,0.000000,0.997115,,
perstep,2,posture,waist_roll_joint,0.009669,0.000000,0.981407,,
perstep,2,posture,waist_pitch_joint,0.001768,0.000000,0.996599,,
perstep,2,posture,left_shoulder_pitch_joint,0.152889,0.200000,0.985677,,
perstep,2,posture,left_shoulder_roll_joint,0.146516,0.200000,0.973930,,
perstep,2,posture,left_shoulder_yaw_joint,-0.008968,0.000000,0.996574,,
perstep,2,posture,left_elbow_joint,1.225833,1.280000,0.976724,,
perstep,2,posture,left_wrist_roll_joint,0.020996,0.000000,0.989354,,
perstep,2,posture,left_wrist_pitch_joint,-0.005289,0.000000,0.996724,,
perstep,2,posture,left_wrist_yaw_joint,0.006881,0.000000,0.995738,,
perstep,2,posture,right_shoulder_pitch_joint,0.147745,0.200000,0.984113,,
perstep,2,posture,right_shoulder_roll_joint,-0.146408,-0.200000,0.973877,,
perstep,2,posture,right_shoulder_yaw_joint,-0.002538,0.000000,0.999031,,
perstep,2,posture,right_elbow_joint,1.224719,1.280000,0.976246,,
perstep,2,posture,right_wrist_roll_joint,-0.022389,0.000000,0.988648,,
perstep,2,posture,right_wrist_pitch_joint,-0.000429,0.000000,0.999735,,
perstep,2,posture,right_wrist_yaw_joint,-0.000351,0.000000,0.999783,,
perstep,3,orientation,orientation_rz,0.999343,1.000000,1.000000,,
perstep,3,height,torso_height,0.979284,0.900000,0.911906,,
perstep,3,posture,left_hip_pitch_joint,0.016994,0.000000,0.994099,,
perstep,3,posture,left_hip_roll_joint,0.004958,0.000000,0.998329,,
perstep,3,posture,left_hip_yaw_joint,0.007554,0.000000,0.997261,,
perstep,3,posture,left_knee_joint,0.098439,0.000000,0.965817,,
perstep,3,posture,left_ankle_pitch_joint,-0.005026,0.000000,0.994241,,
perstep,3,posture,left_ankle_roll_joint,0.002149,0.000000,0.991793,,
perstep,3,posture,right_hip_pitch_joint,0.018717,0.000000,0.993501,,
perstep,3,posture,right_hip_roll_joint,0.016839,0.000000,0.994325,,
perstep,3,posture,right_hip_yaw_joint,0.049452,0.000000,0.982067,,
perstep,3,posture,right_knee_joint,0.092751,0.000000,0.967792,,
perstep,3,posture,right_ankle_pitch_joint,-0.016578,0.000000,0.981003,,
perstep,3,posture,right_ankle_roll_joint,0.016638,0.000000,0.936449,,
perstep,3,posture,waist_yaw_joint,-0.017117,0.000000,0.993462,,
perstep,3,posture,waist_roll_joint,0.001539,0.000000,0.997041,,
perstep,3,posture,waist_pitch_joint,-0.005173,0.000000,0.990051,,
perstep,3,posture,left_shoulder_pitch_joint,0.138982,0.200000,0.981449,,
perstep,3,posture,left_shoulder_roll_joint,0.111353,0.200000,0.956789,,
perstep,3,posture,left_shoulder_yaw_joint,-0.015781,0.000000,0.993972,,
perstep,3,posture,left_elbow_joint,1.188850,1.280000,0.960833,,
perstep,3,posture,left_wrist_roll_joint,0.028780,0.000000,0.985407,,
perstep,3,posture,left_wrist_pitch_joint,-0.010667,0.000000,0.993392,,
perstep,3,posture,left_wrist_yaw_joint,0.013302,0.000000,0.991761,,
perstep,3,posture,right_shoulder_pitch_joint,0.127029,0.200000,0.977815,,
perstep,3,posture,right_shoulder_roll_joint,-0.110119,-0.200000,0.956188,,
perstep,3,posture,right_shoulder_yaw_joint,0.009865,0.000000,0.996232,,
perstep,3,posture,right_elbow_joint,1.187418,1.280000,0.960217,,
perstep,3,posture,right_wrist_roll_joint,-0.020012,0.000000,0.989853,,
perstep,3,posture,right_wrist_pitch_joint,0.002512,0.000000,0.998444,,
perstep,3,posture,right_wrist_yaw_joint,-0.000564,0.000000,0.999651,,
perstep,4,orientation,orientation_rz,0.997883,1.000000,1.000000,,
perstep,4,height,torso_height,0.979199,0.900000,0.912002,,
perstep,4,posture,left_hip_pitch_joint,0.028397,0.000000,0.990139,,
perstep,4,posture,left_hip_roll_joint,0.011094,0.000000,0.996261,,
perstep,4,posture,left_hip_yaw_joint,0.004208,0.000000,0.998474,,
perstep,4,posture,left_knee_joint,0.120115,0.000000,0.958291,,
perstep,4,posture,left_ankle_pitch_joint,-0.006070,0.000000,0.993044,,
perstep,4,posture,left_ankle_roll_joint,-0.001806,0.000000,0.993102,,
perstep,4,posture,right_hip_pitch_joint,0.020573,0.000000,0.992856,,
perstep,4,posture,right_hip_roll_joint,0.023619,0.000000,0.992040,,
perstep,4,posture,right_hip_yaw_joint,0.037759,0.000000,0.986307,,
perstep,4,posture,right_knee_joint,0.112138,0.000000,0.961060,,
perstep,4,posture,right_ankle_pitch_joint,-0.000527,0.000000,0.999397,,
perstep,4,posture,right_ankle_roll_joint,0.010551,0.000000,0.959696,,
perstep,4,posture,waist_yaw_joint,-0.006341,0.000000,0.997578,,
perstep,4,posture,waist_roll_joint,0.010419,0.000000,0.979963,,
perstep,4,posture,waist_pitch_joint,-0.020498,0.000000,0.960580,,
perstep,4,posture,left_shoulder_pitch_joint,0.134281,0.200000,0.980020,,
perstep,4,posture,left_shoulder_roll_joint,0.081229,0.200000,0.942105,,
perstep,4,posture,left_shoulder_yaw_joint,-0.021696,0.000000,0.991713,,
perstep,4,posture,left_elbow_joint,1.141904,1.280000,0.940660,,
perstep,4,posture,left_wrist_roll_joint,0.026569,0.000000,0.986528,,
perstep,4,posture,left_wrist_pitch_joint,-0.014008,0.000000,0.991323,,
perstep,4,posture,left_wrist_yaw_joint,0.017642,0.000000,0.989072,,
perstep,4,posture,right_shoulder_pitch_joint,0.115950,0.200000,0.974447,,
perstep,4,posture,right_shoulder_roll_joint,-0.071463,-0.200000,0.937345,,
perstep,4,posture,right_shoulder_yaw_joint,0.018760,0.000000,0.992834,,
perstep,4,posture,right_elbow_joint,1.140250,1.280000,0.939949,,
perstep,4,posture,right_wrist_roll_joint,-0.007642,0.000000,0.996125,,
perstep,4,posture,right_wrist_pitch_joint,0.003523,0.000000,0.997818,,
perstep,4,posture,right_wrist_yaw_joint,0.001194,0.000000,0.999260,,
perstep,5,orientation,orientation_rz,0.995020,1.000000,1.000000,,
perstep,5,height,torso_height,0.978580,0.900000,0.912689,,
perstep,5,posture,left_hip_pitch_joint,0.037247,0.000000,0.987066,,
perstep,5,posture,left_hip_roll_joint,0.008670,0.000000,0.997078,,
perstep,5,posture,left_hip_yaw_joint,-0.014811,0.000000,0.994629,,
perstep,5,posture,left_knee_joint,0.139061,0.000000,0.951712,,
perstep,5,posture,left_ankle_pitch_joint,-0.006340,0.000000,0.992735,,
perstep,5,posture,left_ankle_roll_joint,-0.004023,0.000000,0.984635,,
perstep,5,posture,right_hip_pitch_joint,0.010520,0.000000,0.996347,,
perstep,5,posture,right_hip_roll_joint,0.023738,0.000000,0.992000,,
perstep,5,posture,right_hip_yaw_joint,0.033435,0.000000,0.987875,,
perstep,5,posture,right_knee_joint,0.142281,0.000000,0.950593,,
perstep,5,posture,right_ankle_pitch_joint,0.004805,0.000000,0.994494,,
perstep,5,posture,right_ankle_roll_joint,0.002412,0.000000,0.990787,,
perstep,5,posture,waist_yaw_joint,0.023658,0.000000,0.990963,,
perstep,5,posture,waist_roll_joint,0.011982,0.000000,0.976957,,
perstep,5,posture,waist_pitch_joint,-0.037702,0.000000,0.927497,,
perstep,5,posture,left_shoulder_pitch_joint,0.137699,0.200000,0.981059,,
perstep,5,posture,left_shoulder_roll_joint,0.059987,0.200000,0.931751,,
perstep,5,posture,left_shoulder_yaw_joint,-0.037803,0.000000,0.985560,,
perstep,5,posture,left_elbow_joint,1.084542,1.280000,0.916012,,
perstep,5,posture,left_wrist_roll_joint,0.014361,0.000000,0.992718,,
perstep,5,posture,left_wrist_pitch_joint,-0.015430,0.000000,0.990443,,
perstep,5,posture,left_wrist_yaw_joint,0.019940,0.000000,0.987649,,
perstep,5,posture,right_shoulder_pitch_joint,0.110966,0.200000,0.972931,,
perstep,5,posture,right_shoulder_roll_joint,-0.041064,-0.200000,0.922527,,
perstep,5,posture,right_shoulder_yaw_joint,0.037938,0.000000,0.985509,,
perstep,5,posture,right_elbow_joint,1.083420,1.280000,0.915529,,
perstep,5,posture,right_wrist_roll_joint,0.006079,0.000000,0.996918,,
perstep,5,posture,right_wrist_pitch_joint,0.002633,0.000000,0.998369,,
perstep,5,posture,right_wrist_yaw_joint,0.001022,0.000000,0.999367,,
perstep,6,orientation,orientation_rz,0.991251,1.000000,1.000000,,
perstep,6,height,torso_height,0.977234,0.900000,0.914184,,
perstep,6,posture,left_hip_pitch_joint,0.039119,0.000000,0.986416,,
perstep,6,posture,left_hip_roll_joint,0.006438,0.000000,0.997830,,
perstep,6,posture,left_hip_yaw_joint,-0.038291,0.000000,0.986114,,
perstep,6,posture,left_knee_joint,0.161319,0.000000,0.943983,,
perstep,6,posture,left_ankle_pitch_joint,-0.004601,0.000000,0.994728,,
perstep,6,posture,left_ankle_roll_joint,-0.008589,0.000000,0.967191,,
perstep,6,posture,right_hip_pitch_joint,0.008325,0.000000,0.997109,,
perstep,6,posture,right_hip_roll_joint,0.023809,0.000000,0.991976,,
perstep,6,posture,right_hip_yaw_joint,0.025190,0.000000,0.990865,,
perstep,6,posture,right_knee_joint,0.159545,0.000000,0.944598,,
perstep,6,posture,right_ankle_pitch_joint,0.016510,0.000000,0.981081,,
perstep,6,posture,right_ankle_roll_joint,-0.001547,0.000000,0.994090,,
perstep,6,posture,waist_yaw_joint,0.035591,0.000000,0.986405,,
perstep,6,posture,waist_roll_joint,0.021079,0.000000,0.959463,,
perstep,6,posture,waist_pitch_joint,-0.051982,0.000000,0.900034,,
perstep,6,posture,left_shoulder_pitch_joint,0.135180,0.200000,0.980293,,
perstep,6,posture,left_shoulder_roll_joint,0.046547,0.200000,0.925199,,
perstep,6,posture,left_shoulder_yaw_joint,-0.048396,0.000000,0.981514,,
perstep,6,posture,left_elbow_joint,1.017953,1.280000,0.887398,,
perstep,6,posture,left_wrist_roll_joint,0.006808,0.000000,0.996548,,
perstep,6,posture,left_wrist_pitch_joint,-0.014641,0.000000,0.990931,,
perstep,6,posture,left_wrist_yaw_joint,0.020135,0.000000,0.987528,,
perstep,6,posture,right_shoulder_pitch_joint,0.110437,0.200000,0.972771,,
perstep,6,posture,right_shoulder_roll_joint,-0.019328,-0.200000,0.911932,,
perstep,6,posture,right_shoulder_yaw_joint,0.048582,0.000000,0.981443,,
perstep,6,posture,right_elbow_joint,1.016665,1.280000,0.886845,,
perstep,6,posture,right_wrist_roll_joint,0.012156,0.000000,0.993836,,
perstep,6,posture,right_wrist_pitch_joint,0.002503,0.000000,0.998450,,
perstep,6,posture,right_wrist_yaw_joint,0.002565,0.000000,0.998411,,
perstep,7,orientation,orientation_rz,0.986779,1.000000,1.000000,,
perstep,7,height,torso_height,0.975625,0.900000,0.915972,,
perstep,7,posture,left_hip_pitch_joint,0.045765,0.000000,0.984108,,
perstep,7,posture,left_hip_roll_joint,-0.001986,0.000000,0.999331,,
perstep,7,posture,left_hip_yaw_joint,-0.039375,0.000000,0.985721,,
perstep,7,posture,left_knee_joint,0.172503,0.000000,0.940099,,
perstep,7,posture,left_ankle_pitch_joint,-0.007989,0.000000,0.990846,,
perstep,7,posture,left_ankle_roll_joint,-0.006601,0.000000,0.974786,,
perstep,7,posture,right_hip_pitch_joint,0.003365,0.000000,0.998831,,
perstep,7,posture,right_hip_roll_joint,0.010223,0.000000,0.996554,,
perstep,7,posture,right_hip_yaw_joint,0.027134,0.000000,0.990160,,
perstep,7,posture,right_knee_joint,0.179122,0.000000,0.937800,,
perstep,7,posture,right_ankle_pitch_joint,0.010019,0.000000,0.988519,,
perstep,7,posture,right_ankle_roll_joint,-0.007579,0.000000,0.971049,,
perstep,7,posture,waist_yaw_joint,0.038341,0.000000,0.985355,,
perstep,7,posture,waist_roll_joint,0.017963,0.000000,0.965455,,
perstep,7,posture,waist_pitch_joint,-0.050071,0.000000,0.903710,,
perstep,7,posture,left_shoulder_pitch_joint,0.137110,0.200000,0.980880,,
perstep,7,posture,left_shoulder_roll_joint,0.041616,0.200000,0.922796,,
perstep,7,posture,left_shoulder_yaw_joint,-0.049291,0.000000,0.981172,,
perstep,7,posture,left_elbow_joint,0.941280,1.280000,0.854452,,
perstep,7,posture,left_wrist_roll_joint,0.002461,0.000000,0.998752,,
perstep,7,posture,left_wrist_pitch_joint,-0.011889,0.000000,0.992636,,
perstep,7,posture,left_wrist_yaw_joint,0.018279,0.000000,0.988678,,
perstep,7,posture,right_shoulder_pitch_joint,0.102577,0.200000,0.970381,,
perstep,7,posture,right_shoulder_roll_joint,-0.005419,-0.200000,0.905152,,
perstep,7,posture,right_shoulder_yaw_joint,0.049795,0.000000,0.980980,,
perstep,7,posture,right_elbow_joint,0.940059,1.280000,0.853927,,
perstep,7,posture,right_wrist_roll_joint,0.018204,0.000000,0.990770,,
perstep,7,posture,right_wrist_pitch_joint,0.000436,0.000000,0.999730,,
perstep,7,posture,right_wrist_yaw_joint,0.002238,0.000000,0.998614,,
perstep,8,orientation,orientation_rz,0.984100,1.000000,1.000000,,
perstep,8,height,torso_height,0.973894,0.900000,0.917896,,
perstep,8,posture,left_hip_pitch_joint,0.044549,0.000000,0.984531,,
perstep,8,posture,left_hip_roll_joint,-0.003148,0.000000,0.998939,,
perstep,8,posture,left_hip_yaw_joint,-0.030656,0.000000,0.988883,,
perstep,8,posture,left_knee_joint,0.178846,0.000000,0.937896,,
perstep,8,posture,left_ankle_pitch_joint,-0.020989,0.000000,0.975948,,
perstep,8,posture,left_ankle_roll_joint,-0.003394,0.000000,0.987036,,
perstep,8,posture,right_hip_pitch_joint,0.004172,0.000000,0.998551,,
perstep,8,posture,right_hip_roll_joint,-0.009060,0.000000,0.996946,,
perstep,8,posture,right_hip_yaw_joint,0.019316,0.000000,0.992995,,
perstep,8,posture,right_knee_joint,0.181573,0.000000,0.936949,,
perstep,8,posture,right_ankle_pitch_joint,-0.017210,0.000000,0.980279,,
perstep,8,posture,right_ankle_roll_joint,-0.005801,0.000000,0.977840,,
perstep,8,posture,waist_yaw_joint,0.042565,0.000000,0.983741,,
perstep,8,posture,waist_roll_joint,0.010933,0.000000,0.978974,,
perstep,8,posture,waist_pitch_joint,-0.032970,0.000000,0.936597,,
perstep,8,posture,left_shoulder_pitch_joint,0.134578,0.200000,0.980110,,
perstep,8,posture,left_shoulder_roll_joint,0.042859,0.200000,0.923402,,
perstep,8,posture,left_shoulder_yaw_joint,-0.041492,0.000000,0.984151,,
perstep,8,posture,left_elbow_joint,0.854506,1.280000,0.817165,,
perstep,8,posture,left_wrist_roll_joint,-0.006989,0.000000,0.996456,,
perstep,8,posture,left_wrist_pitch_joint,-0.007158,0.000000,0.995566,,
perstep,8,posture,left_wrist_yaw_joint,0.014351,0.000000,0.991111,,
perstep,8,posture,right_shoulder_pitch_joint,0.100386,0.200000,0.969715,,
perstep,8,posture,right_shoulder_roll_joint,0.000320,-0.200000,0.902354,,
perstep,8,posture,right_shoulder_yaw_joint,0.041508,0.000000,0.984145,,
perstep,8,posture,right_elbow_joint,0.853238,1.280000,0.816620,,
perstep,8,posture,right_wrist_roll_joint,0.014258,0.000000,0.992771,,
perstep,8,posture,right_wrist_pitch_joint,0.000298,0.000000,0.999815,,
perstep,8,posture,right_wrist_yaw_joint,0.000011,0.000000,0.999993,,
perstep,9,orientation,orientation_rz,0.984124,1.000000,1.000000,,
perstep,9,height,torso_height,0.971680,0.900000,0.920356,,
perstep,9,posture,left_hip_pitch_joint,0.035792,0.000000,0.987571,,
perstep,9,posture,left_hip_roll_joint,0.003617,0.000000,0.998781,,
perstep,9,posture,left_hip_yaw_joint,-0.014631,0.000000,0.994694,,
perstep,9,posture,left_knee_joint,0.184473,0.000000,0.935942,,
perstep,9,posture,left_ankle_pitch_joint,-0.027703,0.000000,0.968255,,
perstep,9,posture,left_ankle_roll_joint,0.002116,0.000000,0.991918,,
perstep,9,posture,right_hip_pitch_joint,0.003005,0.000000,0.998957,,
perstep,9,posture,right_hip_roll_joint,-0.029896,0.000000,0.989924,,
perstep,9,posture,right_hip_yaw_joint,0.011867,0.000000,0.995697,,
perstep,9,posture,right_knee_joint,0.183627,0.000000,0.936236,,
perstep,9,posture,right_ankle_pitch_joint,-0.037027,0.000000,0.957571,,
perstep,9,posture,right_ankle_roll_joint,-0.000702,0.000000,0.997318,,
perstep,9,posture,waist_yaw_joint,0.038788,0.000000,0.985184,,
perstep,9,posture,waist_roll_joint,0.000355,0.000000,0.999318,,
perstep,9,posture,waist_pitch_joint,-0.031461,0.000000,0.939497,,
perstep,9,posture,left_shoulder_pitch_joint,0.134115,0.200000,0.979969,,
perstep,9,posture,left_shoulder_roll_joint,0.035452,0.200000,0.919791,,
perstep,9,posture,left_shoulder_yaw_joint,-0.040373,0.000000,0.984579,,
perstep,9,posture,left_elbow_joint,0.758412,1.280000,0.775873,,
perstep,9,posture,left_wrist_roll_joint,-0.015809,0.000000,0.991984,,
perstep,9,posture,left_wrist_pitch_joint,-0.000228,0.000000,0.999859,,
perstep,9,posture,left_wrist_yaw_joint,0.012303,0.000000,0.992379,,
perstep,9,posture,right_shoulder_pitch_joint,0.090916,0.200000,0.966836,,
perstep,9,posture,right_shoulder_roll_joint,-0.002346,-0.200000,0.903654,,
perstep,9,posture,right_shoulder_yaw_joint,0.023775,0.000000,0.990918,,
perstep,9,posture,right_elbow_joint,0.757838,1.280000,0.775626,,
perstep,9,posture,right_wrist_roll_joint,0.009622,0.000000,0.995121,,
perstep,9,posture,right_wrist_pitch_joint,0.002543,0.000000,0.998425,,
perstep,9,posture,right_wrist_yaw_joint,-0.004112,0.000000,0.997453,,
perstep,10,orientation,orientation_rz,0.982496,1.000000,1.000000,,
perstep,10,height,torso_height,0.967008,0.900000,0.925547,,
perstep,10,posture,left_hip_pitch_joint,0.029622,0.000000,0.989714,,
perstep,10,posture,left_hip_roll_joint,0.017509,0.000000,0.994099,,
perstep,10,posture,left_hip_yaw_joint,0.002311,0.000000,0.999162,,
perstep,10,posture,left_knee_joint,0.198842,0.000000,0.930953,,
perstep,10,posture,left_ankle_pitch_joint,-0.034279,0.000000,0.960720,,
perstep,10,posture,left_ankle_roll_joint,0.003994,0.000000,0.984745,,
perstep,10,posture,right_hip_pitch_joint,0.001112,0.000000,0.999614,,
perstep,10,posture,right_hip_roll_joint,-0.034268,0.000000,0.988451,,
perstep,10,posture,right_hip_yaw_joint,-0.002953,0.000000,0.998929,,
perstep,10,posture,right_knee_joint,0.197690,0.000000,0.931353,,
perstep,10,posture,right_ankle_pitch_joint,-0.041758,0.000000,0.952149,,
perstep,10,posture,right_ankle_roll_joint,0.001018,0.000000,0.996113,,
perstep,10,posture,waist_yaw_joint,0.030566,0.000000,0.988325,,
perstep,10,posture,waist_roll_joint,-0.014642,0.000000,0.971842,,
perstep,10,posture,waist_pitch_joint,-0.042017,0.000000,0.919198,,
perstep,10,posture,left_shoulder_pitch_joint,0.141509,0.200000,0.982217,,
perstep,10,posture,left_shoulder_roll_joint,0.034215,0.200000,0.919188,,
perstep,10,posture,left_shoulder_yaw_joint,-0.048379,0.000000,0.981520,,
perstep,10,posture,left_elbow_joint,0.653028,1.280000,0.730589,,
perstep,10,posture,left_wrist_roll_joint,-0.024757,0.000000,0.987447,,
perstep,10,posture,left_wrist_pitch_joint,0.008907,0.000000,0.994483,,
perstep,10,posture,left_wrist_yaw_joint,0.008258,0.000000,0.994885,,
perstep,10,posture,right_shoulder_pitch_joint,0.082664,0.200000,0.964327,,
perstep,10,posture,right_shoulder_roll_joint,-0.013418,-0.200000,0.909051,,
perstep,10,posture,right_shoulder_yaw_joint,-0.003306,0.000000,0.998737,,
perstep,10,posture,right_elbow_joint,0.654516,1.280000,0.731229,,
perstep,10,posture,right_wrist_roll_joint,-0.001745,0.000000,0.999115,,
perstep,10,posture,right_wrist_pitch_joint,0.006029,0.000000,0.996265,,
perstep,10,posture,right_wrist_yaw_joint,-0.010112,0.000000,0.993736,,
perstep,11,orientation,orientation_rz,0.978991,1.000000,1.000000,,
perstep,11,height,torso_height,0.964791,0.900000,0.928010,,
perstep,11,posture,left_hip_pitch_joint,0.021023,0.000000,0.992700,,
perstep,11,posture,left_hip_roll_joint,0.024863,0.000000,0.991620,,
perstep,11,posture,left_hip_yaw_joint,0.015122,0.000000,0.994516,,
perstep,11,posture,left_knee_joint,0.210196,0.000000,0.927010,,
perstep,11,posture,left_ankle_pitch_joint,-0.043340,0.000000,0.950336,,
perstep,11,posture,left_ankle_roll_joint,0.002257,0.000000,0.991379,,
perstep,11,posture,right_hip_pitch_joint,-0.001359,0.000000,0.999528,,
perstep,11,posture,right_hip_roll_joint,-0.038809,0.000000,0.986920,,
perstep,11,posture,right_hip_yaw_joint,-0.017447,0.000000,0.993673,,
perstep,11,posture,right_knee_joint,0.211072,0.000000,0.926706,,
perstep,11,posture,right_ankle_pitch_joint,-0.038994,0.000000,0.955317,,
perstep,11,posture,right_ankle_roll_joint,-0.003187,0.000000,0.987827,,
perstep,11,posture,waist_yaw_joint,0.025180,0.000000,0.990382,,
perstep,11,posture,waist_roll_joint,-0.026566,0.000000,0.948911,,
perstep,11,posture,waist_pitch_joint,-0.041071,0.000000,0.921017,,
perstep,11,posture,left_shoulder_pitch_joint,0.138914,0.200000,0.981428,,
perstep,11,posture,left_shoulder_roll_joint,0.041150,0.200000,0.922569,,
perstep,11,posture,left_shoulder_yaw_joint,-0.058989,0.000000,0.977468,,
perstep,11,posture,left_elbow_joint,0.557993,1.280000,0.689753,,
perstep,11,posture,left_wrist_roll_joint,-0.023712,0.000000,0.987977,,
perstep,11,posture,left_wrist_pitch_joint,0.016102,0.000000,0.990026,,
perstep,11,posture,left_wrist_yaw_joint,0.002132,0.000000,0.998680,,
perstep,11,posture,right_shoulder_pitch_joint,0.079299,0.200000,0.963304,,
perstep,11,posture,right_shoulder_roll_joint,-0.020338,-0.200000,0.912424,,
perstep,11,posture,right_shoulder_yaw_joint,-0.022296,0.000000,0.991484,,
perstep,11,posture,right_elbow_joint,0.557300,1.280000,0.689455,,
perstep,11,posture,right_wrist_roll_joint,-0.004417,0.000000,0.997760,,
perstep,11,posture,right_wrist_pitch_joint,0.011415,0.000000,0.992929,,
perstep,11,posture,right_wrist_yaw_joint,-0.018211,0.000000,0.988720,,
perstep,12,orientation,orientation_rz,0.977004,1.000000,1.000000,,
perstep,12,height,torso_height,0.963189,0.900000,0.929790,,
perstep,12,posture,left_hip_pitch_joint,0.004281,0.000000,0.998514,,
perstep,12,posture,left_hip_roll_joint,0.024957,0.000000,0.991589,,
perstep,12,posture,left_hip_yaw_joint,0.007175,0.000000,0.997398,,
perstep,12,posture,left_knee_joint,0.222792,0.000000,0.922636,,
perstep,12,posture,left_ankle_pitch_joint,-0.056560,0.000000,0.935187,,
perstep,12,posture,left_ankle_roll_joint,-0.008154,0.000000,0.968854,,
perstep,12,posture,right_hip_pitch_joint,-0.007271,0.000000,0.997475,,
perstep,12,posture,right_hip_roll_joint,-0.040263,0.000000,0.986430,,
perstep,12,posture,right_hip_yaw_joint,-0.030755,0.000000,0.988847,,
perstep,12,posture,right_knee_joint,0.220469,0.000000,0.923443,,
perstep,12,posture,right_ankle_pitch_joint,-0.040429,0.000000,0.953672,,
perstep,12,posture,right_ankle_roll_joint,-0.005953,0.000000,0.977263,,
perstep,12,posture,waist_yaw_joint,0.021679,0.000000,0.991719,,
perstep,12,posture,waist_roll_joint,-0.030107,0.000000,0.942102,,
perstep,12,posture,waist_pitch_joint,-0.042520,0.000000,0.918231,,
perstep,12,posture,left_shoulder_pitch_joint,0.135715,0.200000,0.980456,,
perstep,12,posture,left_shoulder_roll_joint,0.051068,0.200000,0.927403,,
perstep,12,posture,left_shoulder_yaw_joint,-0.068180,0.000000,0.973957,,
perstep,12,posture,left_elbow_joint,0.473176,1.280000,0.653307,,
perstep,12,posture,left_wrist_roll_joint,-0.012675,0.000000,0.993573,,
perstep,12,posture,left_wrist_pitch_joint,0.021321,0.000000,0.986794,,
perstep,12,posture,left_wrist_yaw_joint,-0.006055,0.000000,0.996249,,
perstep,12,posture,right_shoulder_pitch_joint,0.080337,0.200000,0.963619,,
perstep,12,posture,right_shoulder_roll_joint,-0.028055,-0.200000,0.916186,,
perstep,12,posture,right_shoulder_yaw_joint,-0.031927,0.000000,0.987805,,
perstep,12,posture,right_elbow_joint,0.469461,1.280000,0.651711,,
perstep,12,posture,right_wrist_roll_joint,-0.002753,0.000000,0.998604,,
perstep,12,posture,right_wrist_pitch_joint,0.015135,0.000000,0.990625,,
perstep,12,posture,right_wrist_yaw_joint,-0.024806,0.000000,0.984635,,
perstep,13,orientation,orientation_rz,0.975331,1.000000,1.000000,,
perstep,13,height,torso_height,0.960856,0.900000,0.932383,,
perstep,13,posture,left_hip_pitch_joint,-0.004278,0.000000,0.998515,,
perstep,13,posture,left_hip_roll_joint,0.034198,0.000000,0.988474,,
perstep,13,posture,left_hip_yaw_joint,0.006511,0.000000,0.997639,,
perstep,13,posture,left_knee_joint,0.233242,0.000000,0.919008,,
perstep,13,posture,left_ankle_pitch_joint,-0.070224,0.000000,0.919529,,
perstep,13,posture,left_ankle_roll_joint,-0.011339,0.000000,0.956690,,
perstep,13,posture,right_hip_pitch_joint,-0.006237,0.000000,0.997834,,
perstep,13,posture,right_hip_roll_joint,-0.039435,0.000000,0.986709,,
perstep,13,posture,right_hip_yaw_joint,-0.044507,0.000000,0.983860,,
perstep,13,posture,right_knee_joint,0.222433,0.000000,0.922761,,
perstep,13,posture,right_ankle_pitch_joint,-0.040227,0.000000,0.953903,,
perstep,13,posture,right_ankle_roll_joint,-0.002644,0.000000,0.989901,,
perstep,13,posture,waist_yaw_joint,0.007724,0.000000,0.997050,,
perstep,13,posture,waist_roll_joint,-0.022863,0.000000,0.956033,,
perstep,13,posture,waist_pitch_joint,-0.049667,0.000000,0.904486,,
perstep,13,posture,left_shoulder_pitch_joint,0.139792,0.200000,0.981695,,
perstep,13,posture,left_shoulder_roll_joint,0.053066,0.200000,0.928377,,
perstep,13,posture,left_shoulder_yaw_joint,-0.067472,0.000000,0.974228,,
perstep,13,posture,left_elbow_joint,0.398869,1.280000,0.621377,,
perstep,13,posture,left_wrist_roll_joint,0.008361,0.000000,0.995761,,
perstep,13,posture,left_wrist_pitch_joint,0.024627,0.000000,0.984746,,
perstep,13,posture,left_wrist_yaw_joint,-0.016255,0.000000,0.989931,,
perstep,13,posture,right_shoulder_pitch_joint,0.075507,0.200000,0.962151,,
perstep,13,posture,right_shoulder_roll_joint,-0.042482,-0.200000,0.923218,,
perstep,13,posture,right_shoulder_yaw_joint,-0.031754,0.000000,0.987871,,
perstep,13,posture,right_elbow_joint,0.392347,1.280000,0.618575,,
perstep,13,posture,right_wrist_roll_joint,-0.009307,0.000000,0.995281,,
perstep,13,posture,right_wrist_pitch_joint,0.017021,0.000000,0.989457,,
perstep,13,posture,right_wrist_yaw_joint,-0.029429,0.000000,0.981771,,
perstep,14,orientation,orientation_rz,0.971925,1.000000,1.000000,,
perstep,14,height,torso_height,0.958192,0.900000,0.935343,,
perstep,14,posture,left_hip_pitch_joint,-0.000366,0.000000,0.999873,,
perstep,14,posture,left_hip_roll_joint,0.032337,0.000000,0.989101,,
perstep,14,posture,left_hip_yaw_joint,0.004052,0.000000,0.998530,,
perstep,14,posture,left_knee_joint,0.233360,0.000000,0.918967,,
perstep,14,posture,left_ankle_pitch_joint,-0.069869,0.000000,0.919937,,
perstep,14,posture,left_ankle_roll_joint,-0.010178,0.000000,0.961123,,
perstep,14,posture,right_hip_pitch_joint,-0.002021,0.000000,0.999298,,
perstep,14,posture,right_hip_roll_joint,-0.037819,0.000000,0.987254,,
perstep,14,posture,right_hip_yaw_joint,-0.042172,0.000000,0.984707,,
perstep,14,posture,right_knee_joint,0.222900,0.000000,0.922599,,
perstep,14,posture,right_ankle_pitch_joint,-0.036953,0.000000,0.957655,,
perstep,14,posture,right_ankle_roll_joint,-0.000896,0.000000,0.996578,,
perstep,14,posture,waist_yaw_joint,-0.018420,0.000000,0.992964,,
perstep,14,posture,waist_roll_joint,-0.011613,0.000000,0.977667,,
perstep,14,posture,waist_pitch_joint,-0.049537,0.000000,0.904737,,
perstep,14,posture,left_shoulder_pitch_joint,0.139083,0.200000,0.981480,,
perstep,14,posture,left_shoulder_roll_joint,0.055083,0.200000,0.929360,,
perstep,14,posture,left_shoulder_yaw_joint,-0.056952,0.000000,0.978246,,
perstep,14,posture,left_elbow_joint,0.335458,1.280000,0.594130,,
perstep,14,posture,left_wrist_roll_joint,0.032176,0.000000,0.983686,,
perstep,14,posture,left_wrist_pitch_joint,0.026097,0.000000,0.983835,,
perstep,14,posture,left_wrist_yaw_joint,-0.028461,0.000000,0.982371,,
perstep,14,posture,right_shoulder_pitch_joint,0.060601,0.200000,0.957619,,
perstep,14,posture,right_shoulder_roll_joint,-0.055204,-0.200000,0.929419,,
perstep,14,posture,right_shoulder_yaw_joint,-0.021870,0.000000,0.991646,,
perstep,14,posture,right_elbow_joint,0.325520,1.280000,0.589859,,
perstep,14,posture,right_wrist_roll_joint,-0.019429,0.000000,0.990149,,
perstep,14,posture,right_wrist_pitch_joint,0.016966,0.000000,0.989491,,
perstep,14,posture,right_wrist_yaw_joint,-0.032081,0.000000,0.980129,,
perstep,15,orientation,orientation_rz,0.969061,1.000000,1.000000,,
perstep,15,height,torso_height,0.955544,0.900000,0.938285,,
perstep,15,posture,left_hip_pitch_joint,0.002505,0.000000,0.999130,,
perstep,15,posture,left_hip_roll_joint,0.020505,0.000000,0.993089,,
perstep,15,posture,left_hip_yaw_joint,-0.007559,0.000000,0.997259,,
perstep,15,posture,left_knee_joint,0.232040,0.000000,0.919425,,
perstep,15,posture,left_ankle_pitch_joint,-0.077290,0.000000,0.911433,,
perstep,15,posture,left_ankle_roll_joint,-0.000768,0.000000,0.997068,,
perstep,15,posture,right_hip_pitch_joint,-0.005629,0.000000,0.998045,,
perstep,15,posture,right_hip_roll_joint,-0.037911,0.000000,0.987223,,
perstep,15,posture,right_hip_yaw_joint,-0.028301,0.000000,0.989737,,
perstep,15,posture,right_knee_joint,0.229737,0.000000,0.920225,,
perstep,15,posture,right_ankle_pitch_joint,-0.027321,0.000000,0.968693,,
perstep,15,posture,right_ankle_roll_joint,0.002818,0.000000,0.989237,,
perstep,15,posture,waist_yaw_joint,-0.037669,0.000000,0.985612,,
perstep,15,posture,waist_roll_joint,-0.008809,0.000000,0.983059,,
perstep,15,posture,waist_pitch_joint,-0.046143,0.000000,0.911263,,
perstep,15,posture,left_shoulder_pitch_joint,0.129507,0.200000,0.978568,,
perstep,15,posture,left_shoulder_roll_joint,0.052808,0.200000,0.928251,,
perstep,15,posture,left_shoulder_yaw_joint,-0.044793,0.000000,0.982890,,
perstep,15,posture,left_elbow_joint,0.282637,1.280000,0.571432,,
perstep,15,posture,left_wrist_roll_joint,0.046001,0.000000,0.976676,,
perstep,15,posture,left_wrist_pitch_joint,0.025680,0.000000,0.984094,,
perstep,15,posture,left_wrist_yaw_joint,-0.038654,0.000000,0.976057,,
perstep,15,posture,right_shoulder_pitch_joint,0.052860,0.200000,0.955266,,
perstep,15,posture,right_shoulder_roll_joint,-0.061753,-0.200000,0.932612,,
perstep,15,posture,right_shoulder_yaw_joint,-0.018038,0.000000,0.993110,,
perstep,15,posture,right_elbow_joint,0.268833,1.280000,0.565501,,
perstep,15,posture,right_wrist_roll_joint,-0.019556,0.000000,0.990084,,
perstep,15,posture,right_wrist_pitch_joint,0.014884,0.000000,0.990781,,
perstep,15,posture,right_wrist_yaw_joint,-0.032736,0.000000,0.979723,,
perstep,16,orientation,orientation_rz,0.967443,1.000000,1.000000,,
perstep,16,height,torso_height,0.953816,0.900000,0.940204,,
perstep,16,posture,left_hip_pitch_joint,0.003308,0.000000,0.998851,,
perstep,16,posture,left_hip_roll_joint,0.011923,0.000000,0.995981,,
perstep,16,posture,left_hip_yaw_joint,-0.016474,0.000000,0.994026,,
perstep,16,posture,left_knee_joint,0.232254,0.000000,0.919351,,
perstep,16,posture,left_ankle_pitch_joint,-0.084199,0.000000,0.903516,,
perstep,16,posture,left_ankle_roll_joint,-0.005935,0.000000,0.977328,,
perstep,16,posture,right_hip_pitch_joint,-0.021836,0.000000,0.992417,,
perstep,16,posture,right_hip_roll_joint,-0.040266,0.000000,0.986429,,
perstep,16,posture,right_hip_yaw_joint,-0.026283,0.000000,0.990469,,
perstep,16,posture,right_knee_joint,0.242981,0.000000,0.915626,,
perstep,16,posture,right_ankle_pitch_joint,-0.020819,0.000000,0.976143,,
perstep,16,posture,right_ankle_roll_joint,0.001053,0.000000,0.995977,,
perstep,16,posture,waist_yaw_joint,-0.052762,0.000000,0.979847,,
perstep,16,posture,waist_roll_joint,-0.012060,0.000000,0.976807,,
perstep,16,posture,waist_pitch_joint,-0.037426,0.000000,0.928028,,
perstep,16,posture,left_shoulder_pitch_joint,0.111263,0.200000,0.973022,,
perstep,16,posture,left_shoulder_roll_joint,0.048857,0.200000,0.926326,,
perstep,16,posture,left_shoulder_yaw_joint,-0.034365,0.000000,0.986873,,
perstep,16,posture,left_elbow_joint,0.240104,1.280000,0.553156,,
perstep,16,posture,left_wrist_roll_joint,0.049836,0.000000,0.974731,,
perstep,16,posture,left_wrist_pitch_joint,0.023300,0.000000,0.985568,,
perstep,16,posture,left_wrist_yaw_joint,-0.046784,0.000000,0.971022,,
perstep,16,posture,right_shoulder_pitch_joint,0.046858,0.200000,0.953441,,
perstep,16,posture,right_shoulder_roll_joint,-0.066800,-0.200000,0.935072,,
perstep,16,posture,right_shoulder_yaw_joint,-0.016743,0.000000,0.993605,,
perstep,16,posture,right_elbow_joint,0.222085,1.280000,0.545413,,
perstep,16,posture,right_wrist_roll_joint,-0.010081,0.000000,0.994888,,
perstep,16,posture,right_wrist_pitch_joint,0.010735,0.000000,0.993351,,
perstep,16,posture,right_wrist_yaw_joint,-0.031346,0.000000,0.980584,,
perstep,17,orientation,orientation_rz,0.968197,1.000000,1.000000,,
perstep,17,height,torso_height,0.951808,0.900000,0.942436,,
perstep,17,posture,left_hip_pitch_joint,0.000532,0.000000,0.999815,,
perstep,17,posture,left_hip_roll_joint,0.010023,0.000000,0.996622,,
perstep,17,posture,left_hip_yaw_joint,-0.021268,0.000000,0.992287,,
perstep,17,posture,left_knee_joint,0.245500,0.000000,0.914751,,
perstep,17,posture,left_ankle_pitch_joint,-0.085693,0.000000,0.901803,,
perstep,17,posture,left_ankle_roll_joint,-0.010441,0.000000,0.960118,,
perstep,17,posture,right_hip_pitch_joint,-0.034177,0.000000,0.988132,,
perstep,17,posture,right_hip_roll_joint,-0.037582,0.000000,0.987334,,
perstep,17,posture,right_hip_yaw_joint,-0.023288,0.000000,0.991555,,
perstep,17,posture,right_knee_joint,0.258411,0.000000,0.910268,,
perstep,17,posture,right_ankle_pitch_joint,-0.015716,0.000000,0.981991,,
perstep,17,posture,right_ankle_roll_joint,-0.001059,0.000000,0.995955,,
perstep,17,posture,waist_yaw_joint,-0.060336,0.000000,0.976953,,
perstep,17,posture,waist_roll_joint,-0.007638,0.000000,0.985311,,
perstep,17,posture,waist_pitch_joint,-0.024947,0.000000,0.952026,,
perstep,17,posture,left_shoulder_pitch_joint,0.085402,0.200000,0.965159,,
perstep,17,posture,left_shoulder_roll_joint,0.038901,0.200000,0.921472,,
perstep,17,posture,left_shoulder_yaw_joint,-0.029948,0.000000,0.988561,,
perstep,17,posture,left_elbow_joint,0.208504,1.280000,0.539577,,
perstep,17,posture,left_wrist_roll_joint,0.043683,0.000000,0.977851,,
perstep,17,posture,left_wrist_pitch_joint,0.019121,0.000000,0.988156,,
perstep,17,posture,left_wrist_yaw_joint,-0.052875,0.000000,0.967249,,
perstep,17,posture,right_shoulder_pitch_joint,0.050400,0.200000,0.954518,,
perstep,17,posture,right_shoulder_roll_joint,-0.076360,-0.200000,0.939732,,
perstep,17,posture,right_shoulder_yaw_joint,-0.011812,0.000000,0.995488,,
perstep,17,posture,right_elbow_joint,0.185419,1.280000,0.529658,,
perstep,17,posture,right_wrist_roll_joint,-0.010672,0.000000,0.994589,,
perstep,17,posture,right_wrist_pitch_joint,0.004557,0.000000,0.997177,,
perstep,17,posture,right_wrist_yaw_joint,-0.027966,0.000000,0.982678,,
perstep,18,orientation,orientation_rz,0.968702,1.000000,1.000000,,
perstep,18,height,torso_height,0.950399,0.900000,0.944001,,
perstep,18,posture,left_hip_pitch_joint,-0.005851,0.000000,0.997968,,
perstep,18,posture,left_hip_roll_joint,0.002412,0.000000,0.999187,,
perstep,18,posture,left_hip_yaw_joint,-0.029235,0.000000,0.989399,,
perstep,18,posture,left_knee_joint,0.268054,0.000000,0.906919,,
perstep,18,posture,left_ankle_pitch_joint,-0.083954,0.000000,0.903797,,
perstep,18,posture,left_ankle_roll_joint,-0.020038,0.000000,0.923459,,
perstep,18,posture,right_hip_pitch_joint,-0.050395,0.000000,0.982500,,
perstep,18,posture,right_hip_roll_joint,-0.035835,0.000000,0.987923,,
perstep,18,posture,right_hip_yaw_joint,-0.020339,0.000000,0.992624,,
perstep,18,posture,right_knee_joint,0.273142,0.000000,0.905152,,
perstep,18,posture,right_ankle_pitch_joint,-0.013681,0.000000,0.984323,,
perstep,18,posture,right_ankle_roll_joint,0.001469,0.000000,0.994390,,
perstep,18,posture,waist_yaw_joint,-0.068927,0.000000,0.973672,,
perstep,18,posture,waist_roll_joint,-0.007716,0.000000,0.985162,,
perstep,18,posture,waist_pitch_joint,-0.008660,0.000000,0.983346,,
perstep,18,posture,left_shoulder_pitch_joint,0.054932,0.200000,0.955896,,
perstep,18,posture,left_shoulder_roll_joint,0.025127,0.200000,0.914759,,
perstep,18,posture,left_shoulder_yaw_joint,-0.028273,0.000000,0.989200,,
perstep,18,posture,left_elbow_joint,0.187504,1.280000,0.530553,,
perstep,18,posture,left_wrist_roll_joint,0.027543,0.000000,0.986035,,
perstep,18,posture,left_wrist_pitch_joint,0.013058,0.000000,0.991911,,
perstep,18,posture,left_wrist_yaw_joint,-0.056891,0.000000,0.964761,,
perstep,18,posture,right_shoulder_pitch_joint,0.057954,0.200000,0.956814,,
perstep,18,posture,right_shoulder_roll_joint,-0.088288,-0.200000,0.945546,,
perstep,18,posture,right_shoulder_yaw_joint,-0.005209,0.000000,0.998010,,
perstep,18,posture,right_elbow_joint,0.158830,1.280000,0.518232,,
perstep,18,posture,right_wrist_roll_joint,-0.019199,0.000000,0.990265,,
perstep,18,posture,right_wrist_pitch_joint,-0.003643,0.000000,0.997743,,
perstep,18,posture,right_wrist_yaw_joint,-0.022539,0.000000,0.986039,,
perstep,19,orientation,orientation_rz,0.969555,1.000000,1.000000,,
perstep,19,height,torso_height,0.948835,0.900000,0.945738,,
perstep,19,posture,left_hip_pitch_joint,-0.011909,0.000000,0.995865,,
perstep,19,posture,left_hip_roll_joint,-0.007156,0.000000,0.997588,,
perstep,19,posture,left_hip_yaw_joint,-0.037295,0.000000,0.986476,,
perstep,19,posture,left_knee_joint,0.290563,0.000000,0.899103,,
perstep,19,posture,left_ankle_pitch_joint,-0.081326,0.000000,0.906808,,
perstep,19,posture,left_ankle_roll_joint,-0.029012,0.000000,0.889182,,
perstep,19,posture,right_hip_pitch_joint,-0.070471,0.000000,0.975529,,
perstep,19,posture,right_hip_roll_joint,-0.038193,0.000000,0.987128,,
perstep,19,posture,right_hip_yaw_joint,-0.020172,0.000000,0.992685,,
perstep,19,posture,right_knee_joint,0.286825,0.000000,0.900401,,
perstep,19,posture,right_ankle_pitch_joint,-0.007744,0.000000,0.991127,,
perstep,19,posture,right_ankle_roll_joint,0.000205,0.000000,0.999216,,
perstep,19,posture,waist_yaw_joint,-0.080499,0.000000,0.969252,,
perstep,19,posture,waist_roll_joint,-0.013672,0.000000,0.973708,,
perstep,19,posture,waist_pitch_joint,0.003024,0.000000,0.994184,,
perstep,19,posture,left_shoulder_pitch_joint,0.022079,0.200000,0.945907,,
perstep,19,posture,left_shoulder_roll_joint,0.009585,0.200000,0.907183,,
perstep,19,posture,left_shoulder_yaw_joint,-0.023577,0.000000,0.990994,,
perstep,19,posture,left_elbow_joint,0.176820,1.280000,0.525962,,
perstep,19,posture,left_wrist_roll_joint,0.004319,0.000000,0.997810,,
perstep,19,posture,left_wrist_pitch_joint,0.005051,0.000000,0.996871,,
perstep,19,posture,left_wrist_yaw_joint,-0.058882,0.000000,0.963528,,
perstep,19,posture,right_shoulder_pitch_joint,0.071277,0.200000,0.960865,,
perstep,19,posture,right_shoulder_roll_joint,-0.097785,-0.200000,0.950176,,
perstep,19,posture,right_shoulder_yaw_joint,0.007095,0.000000,0.997290,,
perstep,19,posture,right_elbow_joint,0.142319,1.280000,0.511137,,
perstep,19,posture,right_wrist_roll_joint,-0.031180,0.000000,0.984191,,
perstep,19,posture,right_wrist_pitch_joint,-0.013861,0.000000,0.991414,,
perstep,19,posture,right_wrist_yaw_joint,-0.015119,0.000000,0.990635,,
perstep,20,orientation,orientation_rz,0.970136,1.000000,1.000000,,
perstep,20,height,torso_height,0.946042,0.900000,0.948843,,
perstep,20,posture,left_hip_pitch_joint,-0.017965,0.000000,0.993762,,
perstep,20,posture,left_hip_roll_joint,-0.017132,0.000000,0.994226,,
perstep,20,posture,left_hip_yaw_joint,-0.040589,0.000000,0.985281,,
perstep,20,posture,left_knee_joint,0.299533,0.000000,0.895988,,
perstep,20,posture,left_ankle_pitch_joint,-0.076522,0.000000,0.912313,,
perstep,20,posture,left_ankle_roll_joint,-0.033628,0.000000,0.871550,,
perstep,20,posture,right_hip_pitch_joint,-0.093877,0.000000,0.967402,,
perstep,20,posture,right_hip_roll_joint,-0.045680,0.000000,0.984605,,
perstep,20,posture,right_hip_yaw_joint,-0.025899,0.000000,0.990608,,
perstep,20,posture,right_knee_joint,0.291465,0.000000,0.898790,,
perstep,20,posture,right_ankle_pitch_joint,0.001042,0.000000,0.998807,,
perstep,20,posture,right_ankle_roll_joint,-0.007231,0.000000,0.972379,,
perstep,20,posture,waist_yaw_joint,-0.090076,0.000000,0.965593,,
perstep,20,posture,waist_roll_joint,-0.018475,0.000000,0.964470,,
perstep,20,posture,waist_pitch_joint,0.000944,0.000000,0.998184,,
perstep,20,posture,left_shoulder_pitch_joint,-0.001074,0.200000,0.938868,,
perstep,20,posture,left_shoulder_roll_joint,-0.002545,0.200000,0.901270,,
perstep,20,posture,left_shoulder_yaw_joint,-0.012529,0.000000,0.995214,,
perstep,20,posture,left_elbow_joint,0.175548,1.280000,0.525416,,
perstep,20,posture,left_wrist_roll_joint,-0.008866,0.000000,0.995504,,
perstep,20,posture,left_wrist_pitch_joint,-0.004832,0.000000,0.997007,,
perstep,20,posture,left_wrist_yaw_joint,-0.058873,0.000000,0.963533,,
perstep,20,posture,right_shoulder_pitch_joint,0.083352,0.200000,0.964536,,
perstep,20,posture,right_shoulder_roll_joint,-0.097145,-0.200000,0.949864,,
perstep,20,posture,right_shoulder_yaw_joint,0.012444,0.000000,0.995247,,
perstep,20,posture,right_elbow_joint,0.136523,1.280000,0.508647,,
perstep,20,posture,right_wrist_roll_joint,-0.049212,0.000000,0.975047,,
perstep,20,posture,right_wrist_pitch_joint,-0.021935,0.000000,0.986413,,
perstep,20,posture,right_wrist_yaw_joint,-0.005646,0.000000,0.996503,,
perstep,21,orientation,orientation_rz,0.968873,1.000000,1.000000,,
perstep,21,height,torso_height,0.944139,0.900000,0.950956,,
perstep,21,posture,left_hip_pitch_joint,-0.020822,0.000000,0.992770,,
perstep,21,posture,left_hip_roll_joint,-0.025146,0.000000,0.991525,,
perstep,21,posture,left_hip_yaw_joint,-0.040524,0.000000,0.985305,,
perstep,21,posture,left_knee_joint,0.300239,0.000000,0.895743,,
perstep,21,posture,left_ankle_pitch_joint,-0.069062,0.000000,0.920861,,
perstep,21,posture,left_ankle_roll_joint,-0.031936,0.000000,0.878012,,
perstep,21,posture,right_hip_pitch_joint,-0.117381,0.000000,0.959240,,
perstep,21,posture,right_hip_roll_joint,-0.049455,0.000000,0.983332,,
perstep,21,posture,right_hip_yaw_joint,-0.035765,0.000000,0.987031,,
perstep,21,posture,right_knee_joint,0.287461,0.000000,0.900180,,
perstep,21,posture,right_ankle_pitch_joint,0.006988,0.000000,0.991993,,
perstep,21,posture,right_ankle_roll_joint,-0.015393,0.000000,0.941205,,
perstep,21,posture,waist_yaw_joint,-0.095743,0.000000,0.963429,,
perstep,21,posture,waist_roll_joint,-0.022138,0.000000,0.957427,,
perstep,21,posture,waist_pitch_joint,-0.010946,0.000000,0.978949,,
perstep,21,posture,left_shoulder_pitch_joint,-0.014781,0.200000,0.934701,,
perstep,21,posture,left_shoulder_roll_joint,-0.012253,0.200000,0.896538,,
perstep,21,posture,left_shoulder_yaw_joint,-0.003646,0.000000,0.998608,,
perstep,21,posture,left_elbow_joint,0.183885,1.280000,0.528998,,
perstep,21,posture,left_wrist_roll_joint,-0.012035,0.000000,0.993898,,
perstep,21,posture,left_wrist_pitch_joint,-0.016701,0.000000,0.989655,,
perstep,21,posture,left_wrist_yaw_joint,-0.056844,0.000000,0.964790,,
perstep,21,posture,right_shoulder_pitch_joint,0.093086,0.200000,0.967495,,
perstep,21,posture,right_shoulder_roll_joint,-0.088392,-0.200000,0.945597,,
perstep,21,posture,right_shoulder_yaw_joint,0.010389,0.000000,0.996032,,
perstep,21,posture,right_elbow_joint,0.139952,1.280000,0.510120,,
perstep,21,posture,right_wrist_roll_joint,-0.071048,0.000000,0.963975,,
perstep,21,posture,right_wrist_pitch_joint,-0.027870,0.000000,0.982737,,
perstep,21,posture,right_wrist_yaw_joint,0.004097,0.000000,0.997462,,
perstep,22,orientation,orientation_rz,0.966258,1.000000,1.000000,,
perstep,22,height,torso_height,0.941869,0.900000,0.953479,,
perstep,22,posture,left_hip_pitch_joint,-0.024000,0.000000,0.991666,,
perstep,22,posture,left_hip_roll_joint,-0.024987,0.000000,0.991579,,
perstep,22,posture,left_hip_yaw_joint,-0.039692,0.000000,0.985606,,
perstep,22,posture,left_knee_joint,0.309186,0.000000,0.892636,,
perstep,22,posture,left_ankle_pitch_joint,-0.066251,0.000000,0.924082,,
perstep,22,posture,left_ankle_roll_joint,-0.029825,0.000000,0.886077,,
perstep,22,posture,right_hip_pitch_joint,-0.133507,0.000000,0.953640,,
perstep,22,posture,right_hip_roll_joint,-0.043532,0.000000,0.985328,,
perstep,22,posture,right_hip_yaw_joint,-0.034675,0.000000,0.987426,,
perstep,22,posture,right_knee_joint,0.278394,0.000000,0.903329,,
perstep,22,posture,right_ankle_pitch_joint,0.015653,0.000000,0.982063,,
perstep,22,posture,right_ankle_roll_joint,-0.011856,0.000000,0.954715,,
perstep,22,posture,waist_yaw_joint,-0.091330,0.000000,0.965115,,
perstep,22,posture,waist_roll_joint,-0.026850,0.000000,0.948365,,
perstep,22,posture,waist_pitch_joint,-0.016040,0.000000,0.969154,,
perstep,22,posture,left_shoulder_pitch_joint,-0.019259,0.200000,0.933340,,
perstep,22,posture,left_shoulder_roll_joint,-0.016910,0.200000,0.894268,,
perstep,22,posture,left_shoulder_yaw_joint,-0.004580,0.000000,0.998251,,
perstep,22,posture,left_elbow_joint,0.198813,1.280000,0.535413,,
perstep,22,posture,left_wrist_roll_joint,-0.005211,0.000000,0.997358,,
perstep,22,posture,left_wrist_pitch_joint,-0.029787,0.000000,0.981550,,
perstep,22,posture,left_wrist_yaw_joint,-0.052795,0.000000,0.967298,,
perstep,22,posture,right_shoulder_pitch_joint,0.102412,0.200000,0.970331,,
perstep,22,posture,right_shoulder_roll_joint,-0.083329,-0.200000,0.943129,,
perstep,22,posture,right_shoulder_yaw_joint,0.002976,0.000000,0.998863,,
perstep,22,posture,right_elbow_joint,0.141001,1.280000,0.510571,,
perstep,22,posture,right_wrist_roll_joint,-0.082873,0.000000,0.957980,,
perstep,22,posture,right_wrist_pitch_joint,-0.031610,0.000000,0.980420,,
perstep,22,posture,right_wrist_yaw_joint,0.011887,0.000000,0.992637,,
perstep,23,orientation,orientation_rz,0.964165,1.000000,1.000000,,
perstep,23,height,torso_height,0.940077,0.900000,0.955471,,
perstep,23,posture,left_hip_pitch_joint,-0.027417,0.000000,0.990479,,
perstep,23,posture,left_hip_roll_joint,-0.023476,0.000000,0.992088,,
perstep,23,posture,left_hip_yaw_joint,-0.041338,0.000000,0.985009,,
perstep,23,posture,left_knee_joint,0.324531,0.000000,0.887308,,
perstep,23,posture,left_ankle_pitch_joint,-0.069244,0.000000,0.920652,,
perstep,23,posture,left_ankle_roll_joint,-0.022517,0.000000,0.913990,,
perstep,23,posture,right_hip_pitch_joint,-0.146905,0.000000,0.948988,,
perstep,23,posture,right_hip_roll_joint,-0.032252,0.000000,0.989130,,
perstep,23,posture,right_hip_yaw_joint,-0.027186,0.000000,0.990142,,
perstep,23,posture,right_knee_joint,0.266138,0.000000,0.907585,,
perstep,23,posture,right_ankle_pitch_joint,0.020857,0.000000,0.976100,,
perstep,23,posture,right_ankle_roll_joint,-0.001474,0.000000,0.994369,,
perstep,23,posture,waist_yaw_joint,-0.079977,0.000000,0.969451,,
perstep,23,posture,waist_roll_joint,-0.033286,0.000000,0.935989,,
perstep,23,posture,waist_pitch_joint,-0.015988,0.000000,0.969253,,
perstep,23,posture,left_shoulder_pitch_joint,-0.014731,0.200000,0.934716,,
perstep,23,posture,left_shoulder_roll_joint,-0.021551,0.200000,0.892006,,
perstep,23,posture,left_shoulder_yaw_joint,-0.015226,0.000000,0.994184,,
perstep,23,posture,left_elbow_joint,0.214689,1.280000,0.542235,,
perstep,23,posture,left_wrist_roll_joint,0.011608,0.000000,0.994114,,
perstep,23,posture,left_wrist_pitch_joint,-0.042781,0.000000,0.973501,,
perstep,23,posture,left_wrist_yaw_joint,-0.049153,0.000000,0.969554,,
perstep,23,posture,right_shoulder_pitch_joint,0.112077,0.200000,0.973269,,
perstep,23,posture,right_shoulder_roll_joint,-0.075739,-0.200000,0.939429,,
perstep,23,posture,right_shoulder_yaw_joint,-0.008888,0.000000,0.996605,,
perstep,23,posture,right_elbow_joint,0.144149,1.280000,0.511924,,
perstep,23,posture,right_wrist_roll_joint,-0.084695,0.000000,0.957056,,
perstep,23,posture,right_wrist_pitch_joint,-0.033258,0.000000,0.979400,,
perstep,23,posture,right_wrist_yaw_joint,0.017679,0.000000,0.989049,,
perstep,24,orientation,orientation_rz,0.963051,1.000000,1.000000,,
perstep,24,height,torso_height,0.937739,0.900000,0.958067,,
perstep,24,posture,left_hip_pitch_joint,-0.037262,0.000000,0.987061,,
perstep,24,posture,left_hip_roll_joint,-0.023309,0.000000,0.992144,,
perstep,24,posture,left_hip_yaw_joint,-0.057316,0.000000,0.979215,,
perstep,24,posture,left_knee_joint,0.336967,0.000000,0.882989,,
perstep,24,posture,left_ankle_pitch_joint,-0.068677,0.000000,0.921302,,
perstep,24,posture,left_ankle_roll_joint,-0.012140,0.000000,0.953630,,
perstep,24,posture,right_hip_pitch_joint,-0.160114,0.000000,0.944401,,
perstep,24,posture,right_hip_roll_joint,-0.024358,0.000000,0.991791,,
perstep,24,posture,right_hip_yaw_joint,-0.027785,0.000000,0.989924,,
perstep,24,posture,right_knee_joint,0.255416,0.000000,0.911308,,
perstep,24,posture,right_ankle_pitch_joint,0.017831,0.000000,0.979567,,
perstep,24,posture,right_ankle_roll_joint,-0.001391,0.000000,0.994687,,
perstep,24,posture,waist_yaw_joint,-0.071035,0.000000,0.972867,,
perstep,24,posture,waist_roll_joint,-0.034464,0.000000,0.933722,,
perstep,24,posture,waist_pitch_joint,-0.013252,0.000000,0.974515,,
perstep,24,posture,left_shoulder_pitch_joint,-0.005106,0.200000,0.937643,,
perstep,24,posture,left_shoulder_roll_joint,-0.028671,0.200000,0.888535,,
perstep,24,posture,left_shoulder_yaw_joint,-0.027496,0.000000,0.989497,,
perstep,24,posture,left_elbow_joint,0.224782,1.280000,0.546572,,
perstep,24,posture,left_wrist_roll_joint,0.019554,0.000000,0.990085,,
perstep,24,posture,left_wrist_pitch_joint,-0.053593,0.000000,0.966804,,
perstep,24,posture,left_wrist_yaw_joint,-0.047536,0.000000,0.970555,,
perstep,24,posture,right_shoulder_pitch_joint,0.122630,0.200000,0.976478,,
perstep,24,posture,right_shoulder_roll_joint,-0.061818,-0.200000,0.932643,,
perstep,24,posture,right_shoulder_yaw_joint,-0.016554,0.000000,0.993677,,
perstep,24,posture,right_elbow_joint,0.157375,1.280000,0.517607,,
perstep,24,posture,right_wrist_roll_joint,-0.076521,0.000000,0.961201,,
perstep,24,posture,right_wrist_pitch_joint,-0.032899,0.000000,0.979622,,
perstep,24,posture,right_wrist_yaw_joint,0.021404,0.000000,0.986742,,
perstep,25,orientation,orientation_rz,0.963191,1.000000,1.000000,,
perstep,25,height,torso_height,0.936548,0.900000,0.959391,,
perstep,25,posture,left_hip_pitch_joint,-0.050204,0.000000,0.982567,,
perstep,25,posture,left_hip_roll_joint,-0.011534,0.000000,0.996113,,
perstep,25,posture,left_hip_yaw_joint,-0.075216,0.000000,0.972724,,
perstep,25,posture,left_knee_joint,0.340891,0.000000,0.881627,,
perstep,25,posture,left_ankle_pitch_joint,-0.067623,0.000000,0.922510,,
perstep,25,posture,left_ankle_roll_joint,-0.005583,0.000000,0.978676,,
perstep,25,posture,right_hip_pitch_joint,-0.171857,0.000000,0.940323,,
perstep,25,posture,right_hip_roll_joint,-0.007138,0.000000,0.997594,,
perstep,25,posture,right_hip_yaw_joint,-0.029382,0.000000,0.989345,,
perstep,25,posture,right_knee_joint,0.244287,0.000000,0.915172,,
perstep,25,posture,right_ankle_pitch_joint,0.014770,0.000000,0.983075,,
perstep,25,posture,right_ankle_roll_joint,-0.006411,0.000000,0.975513,,
perstep,25,posture,waist_yaw_joint,-0.060947,0.000000,0.976720,,
perstep,25,posture,waist_roll_joint,-0.029035,0.000000,0.944164,,
perstep,25,posture,waist_pitch_joint,-0.006250,0.000000,0.987981,,
perstep,25,posture,left_shoulder_pitch_joint,-0.000587,0.200000,0.939017,,
perstep,25,posture,left_shoulder_roll_joint,-0.030476,0.200000,0.887655,,
perstep,25,posture,left_shoulder_yaw_joint,-0.033898,0.000000,0.987052,,
perstep,25,posture,left_elbow_joint,0.233819,1.280000,0.550455,,
perstep,25,posture,left_wrist_roll_joint,0.017844,0.000000,0.990952,,
perstep,25,posture,left_wrist_pitch_joint,-0.062252,0.000000,0.961440,,
perstep,25,posture,left_wrist_yaw_joint,-0.048022,0.000000,0.970254,,
perstep,25,posture,right_shoulder_pitch_joint,0.128670,0.200000,0.978314,,
perstep,25,posture,right_shoulder_roll_joint,-0.044360,-0.200000,0.924134,,
perstep,25,posture,right_shoulder_yaw_joint,-0.030169,0.000000,0.988476,,
perstep,25,posture,right_elbow_joint,0.174053,1.280000,0.524774,,
perstep,25,posture,right_wrist_roll_joint,-0.058351,0.000000,0.970414,,
perstep,25,posture,right_wrist_pitch_joint,-0.030385,0.000000,0.981179,,
perstep,25,posture,right_wrist_yaw_joint,0.023100,0.000000,0.985692,,
perstep,26,orientation,orientation_rz,0.965304,1.000000,1.000000,,
perstep,26,height,torso_height,0.936306,0.900000,0.959661,,
perstep,26,posture,left_hip_pitch_joint,-0.064842,0.000000,0.977484,,
perstep,26,posture,left_hip_roll_joint,0.011728,0.000000,0.996047,,
perstep,26,posture,left_hip_yaw_joint,-0.088976,0.000000,0.967734,,
perstep,26,posture,left_knee_joint,0.341016,0.000000,0.881583,,
perstep,26,posture,left_ankle_pitch_joint,-0.058136,0.000000,0.933382,,
perstep,26,posture,left_ankle_roll_joint,-0.005738,0.000000,0.978084,,
perstep,26,posture,right_hip_pitch_joint,-0.181628,0.000000,0.936930,,
perstep,26,posture,right_hip_roll_joint,0.010789,0.000000,0.996364,,
perstep,26,posture,right_hip_yaw_joint,-0.028199,0.000000,0.989774,,
perstep,26,posture,right_knee_joint,0.250800,0.000000,0.912911,,
perstep,26,posture,right_ankle_pitch_joint,0.020671,0.000000,0.976313,,
perstep,26,posture,right_ankle_roll_joint,-0.010624,0.000000,0.959418,,
perstep,26,posture,waist_yaw_joint,-0.049187,0.000000,0.981212,,
perstep,26,posture,waist_roll_joint,-0.020039,0.000000,0.961463,,
perstep,26,posture,waist_pitch_joint,0.005548,0.000000,0.989331,,
perstep,26,posture,left_shoulder_pitch_joint,-0.003897,0.200000,0.938010,,
perstep,26,posture,left_shoulder_roll_joint,-0.030073,0.200000,0.887851,,
perstep,26,posture,left_shoulder_yaw_joint,-0.030648,0.000000,0.988294,,
perstep,26,posture,left_elbow_joint,0.239080,1.280000,0.552716,,
perstep,26,posture,left_wrist_roll_joint,0.006149,0.000000,0.996882,,
perstep,26,posture,left_wrist_pitch_joint,-0.068570,0.000000,0.957527,,
perstep,26,posture,left_wrist_yaw_joint,-0.050580,0.000000,0.968670,,
perstep,26,posture,right_shoulder_pitch_joint,0.127579,0.200000,0.977982,,
perstep,26,posture,right_shoulder_roll_joint,-0.034461,-0.200000,0.919308,,
perstep,26,posture,right_shoulder_yaw_joint,-0.052055,0.000000,0.980116,,
perstep,26,posture,right_elbow_joint,0.189640,1.280000,0.531471,,
perstep,26,posture,right_wrist_roll_joint,-0.039376,0.000000,0.980035,,
perstep,26,posture,right_wrist_pitch_joint,-0.025567,0.000000,0.984163,,
perstep,26,posture,right_wrist_yaw_joint,0.022852,0.000000,0.985845,,
perstep,27,orientation,orientation_rz,0.968522,1.000000,1.000000,,
perstep,27,height,torso_height,0.938971,0.900000,0.956698,,
perstep,27,posture,left_hip_pitch_joint,-0.082932,0.000000,0.971202,,
perstep,27,posture,left_hip_roll_joint,0.047203,0.000000,0.984091,,
perstep,27,posture,left_hip_yaw_joint,-0.102787,0.000000,0.962726,,
perstep,27,posture,left_knee_joint,0.330267,0.000000,0.885316,,
perstep,27,posture,left_ankle_pitch_joint,-0.049727,0.000000,0.943017,,
perstep,27,posture,left_ankle_roll_joint,-0.007598,0.000000,0.970977,,
perstep,27,posture,right_hip_pitch_joint,-0.191127,0.000000,0.933632,,
perstep,27,posture,right_hip_roll_joint,0.029926,0.000000,0.989914,,
perstep,27,posture,right_hip_yaw_joint,-0.026314,0.000000,0.990458,,
perstep,27,posture,right_knee_joint,0.273130,0.000000,0.905157,,
perstep,27,posture,right_ankle_pitch_joint,0.030736,0.000000,0.964779,,
perstep,27,posture,right_ankle_roll_joint,-0.017296,0.000000,0.933932,,
perstep,27,posture,waist_yaw_joint,-0.034318,0.000000,0.986891,,
perstep,27,posture,waist_roll_joint,-0.004315,0.000000,0.991701,,
perstep,27,posture,waist_pitch_joint,0.021576,0.000000,0.958507,,
perstep,27,posture,left_shoulder_pitch_joint,-0.015783,0.200000,0.934397,,
perstep,27,posture,left_shoulder_roll_joint,-0.026332,0.200000,0.889675,,
perstep,27,posture,left_shoulder_yaw_joint,-0.017991,0.000000,0.993128,,
perstep,27,posture,left_elbow_joint,0.238875,1.280000,0.552627,,
perstep,27,posture,left_wrist_roll_joint,-0.015528,0.000000,0.992127,,
perstep,27,posture,left_wrist_pitch_joint,-0.072629,0.000000,0.955013,,
perstep,27,posture,left_wrist_yaw_joint,-0.055227,0.000000,0.965792,,
perstep,27,posture,right_shoulder_pitch_joint,0.118795,0.200000,0.975312,,
perstep,27,posture,right_shoulder_roll_joint,-0.033025,-0.200000,0.918608,,
perstep,27,posture,right_shoulder_yaw_joint,-0.078549,0.000000,0.969997,,
perstep,27,posture,right_elbow_joint,0.204054,1.280000,0.537665,,
perstep,27,posture,right_wrist_roll_joint,-0.023018,0.000000,0.988329,,
perstep,27,posture,right_wrist_pitch_joint,-0.018549,0.000000,0.988511,,
perstep,27,posture,right_wrist_yaw_joint,0.020625,0.000000,0.987225,,
perstep,28,orientation,orientation_rz,0.972744,1.000000,1.000000,,
perstep,28,height,torso_height,0.941807,0.900000,0.953547,,
perstep,28,posture,left_hip_pitch_joint,-0.101919,0.000000,0.964609,,
perstep,28,posture,left_hip_roll_joint,0.077936,0.000000,0.973733,,
perstep,28,posture,left_hip_yaw_joint,-0.125108,0.000000,0.954632,,
perstep,28,posture,left_knee_joint,0.308674,0.000000,0.892814,,
perstep,28,posture,left_ankle_pitch_joint,-0.051167,0.000000,0.941367,,
perstep,28,posture,left_ankle_roll_joint,-0.003630,0.000000,0.986134,,
perstep,28,posture,right_hip_pitch_joint,-0.192825,0.000000,0.933042,,
perstep,28,posture,right_hip_roll_joint,0.042965,0.000000,0.985520,,
perstep,28,posture,right_hip_yaw_joint,-0.035128,0.000000,0.987261,,
perstep,28,posture,right_knee_joint,0.298814,0.000000,0.896238,,
perstep,28,posture,right_ankle_pitch_joint,0.032641,0.000000,0.962597,,
perstep,28,posture,right_ankle_roll_joint,-0.023736,0.000000,0.909336,,
perstep,28,posture,waist_yaw_joint,-0.020605,0.000000,0.992130,,
perstep,28,posture,waist_roll_joint,0.012878,0.000000,0.975234,,
perstep,28,posture,waist_pitch_joint,0.024241,0.000000,0.953382,,
perstep,28,posture,left_shoulder_pitch_joint,-0.035742,0.200000,0.928328,,
perstep,28,posture,left_shoulder_roll_joint,-0.014834,0.200000,0.895279,,
perstep,28,posture,left_shoulder_yaw_joint,0.003730,0.000000,0.998575,,
perstep,28,posture,left_elbow_joint,0.230660,1.280000,0.549098,,
perstep,28,posture,left_wrist_roll_joint,-0.047174,0.000000,0.976081,,
perstep,28,posture,left_wrist_pitch_joint,-0.074309,0.000000,0.953972,,
perstep,28,posture,left_wrist_yaw_joint,-0.061993,0.000000,0.961601,,
perstep,28,posture,right_shoulder_pitch_joint,0.103394,0.200000,0.970629,,
perstep,28,posture,right_shoulder_roll_joint,-0.040952,-0.200000,0.922472,,
perstep,28,posture,right_shoulder_yaw_joint,-0.097549,0.000000,0.962739,,
perstep,28,posture,right_elbow_joint,0.223205,1.280000,0.545894,,
perstep,28,posture,right_wrist_roll_joint,-0.010521,0.000000,0.994666,,
perstep,28,posture,right_wrist_pitch_joint,-0.009257,0.000000,0.994266,,
perstep,28,posture,right_wrist_yaw_joint,0.016346,0.000000,0.989875,,
perstep,29,orientation,orientation_rz,0.975178,1.000000,1.000000,,
perstep,29,height,torso_height,0.943781,0.900000,0.951355,,
perstep,29,posture,left_hip_pitch_joint,-0.122048,0.000000,0.957619,,
perstep,29,posture,left_hip_roll_joint,0.098454,0.000000,0.966818,,
perstep,29,posture,left_hip_yaw_joint,-0.151287,0.000000,0.945138,,
perstep,29,posture,left_knee_joint,0.291905,0.000000,0.898637,,
perstep,29,posture,left_ankle_pitch_joint,-0.062568,0.000000,0.928303,,
perstep,29,posture,left_ankle_roll_joint,0.001924,0.000000,0.992649,,
perstep,29,posture,right_hip_pitch_joint,-0.181459,0.000000,0.936989,,
perstep,29,posture,right_hip_roll_joint,0.048708,0.000000,0.983584,,
perstep,29,posture,right_hip_yaw_joint,-0.047946,0.000000,0.982613,,
perstep,29,posture,right_knee_joint,0.327170,0.000000,0.886391,,
perstep,29,posture,right_ankle_pitch_joint,0.023921,0.000000,0.972589,,
perstep,29,posture,right_ankle_roll_joint,-0.018819,0.000000,0.928116,,
perstep,29,posture,waist_yaw_joint,-0.004326,0.000000,0.998348,,
perstep,29,posture,waist_roll_joint,0.026660,0.000000,0.948731,,
perstep,29,posture,waist_pitch_joint,0.021893,0.000000,0.957897,,
perstep,29,posture,left_shoulder_pitch_joint,-0.060010,0.200000,0.920950,,
perstep,29,posture,left_shoulder_roll_joint,0.001609,0.200000,0.903295,,
perstep,29,posture,left_shoulder_yaw_joint,0.018571,0.000000,0.992907,,
perstep,29,posture,left_elbow_joint,0.224865,1.280000,0.546608,,
perstep,29,posture,left_wrist_roll_joint,-0.088811,0.000000,0.954969,,
perstep,29,posture,left_wrist_pitch_joint,-0.073680,0.000000,0.954361,,
perstep,29,posture,left_wrist_yaw_joint,-0.067702,0.000000,0.958064,,
perstep,29,posture,right_shoulder_pitch_joint,0.080642,0.200000,0.963712,,
perstep,29,posture,right_shoulder_roll_joint,-0.046263,-0.200000,0.925061,,
perstep,29,posture,right_shoulder_yaw_joint,-0.107058,0.000000,0.959107,,
perstep,29,posture,right_elbow_joint,0.253414,1.280000,0.558875,,
perstep,29,posture,right_wrist_roll_joint,0.002426,0.000000,0.998770,,
perstep,29,posture,right_wrist_pitch_joint,0.002234,0.000000,0.998616,,
perstep,29,posture,right_wrist_yaw_joint,0.013278,0.000000,0.991775,,
perstep,30,orientation,orientation_rz,0.976868,1.000000,1.000000,,
perstep,30,height,torso_height,0.947295,0.900000,0.947450,,
perstep,30,posture,left_hip_pitch_joint,-0.142201,0.000000,0.950621,,
perstep,30,posture,left_hip_roll_joint,0.116108,0.000000,0.960868,,
perstep,30,posture,left_hip_yaw_joint,-0.174891,0.000000,0.936578,,
perstep,30,posture,left_knee_joint,0.262621,0.000000,0.908806,,
perstep,30,posture,left_ankle_pitch_joint,-0.078145,0.000000,0.910453,,
perstep,30,posture,left_ankle_roll_joint,0.005656,0.000000,0.978395,,
perstep,30,posture,right_hip_pitch_joint,-0.162283,0.000000,0.943648,,
perstep,30,posture,right_hip_roll_joint,0.059056,0.000000,0.980096,,
perstep,30,posture,right_hip_yaw_joint,-0.056592,0.000000,0.979478,,
perstep,30,posture,right_knee_joint,0.346248,0.000000,0.879767,,
perstep,30,posture,right_ankle_pitch_joint,0.012762,0.000000,0.985376,,
perstep,30,posture,right_ankle_roll_joint,-0.014771,0.000000,0.943578,,
perstep,30,posture,waist_yaw_joint,0.007868,0.000000,0.996995,,
perstep,30,posture,waist_roll_joint,0.036521,0.000000,0.929768,,
perstep,30,posture,waist_pitch_joint,0.016793,0.000000,0.967706,,
perstep,30,posture,left_shoulder_pitch_joint,-0.074805,0.200000,0.916452,,
perstep,30,posture,left_shoulder_roll_joint,0.012078,0.200000,0.908398,,
perstep,30,posture,left_shoulder_yaw_joint,0.024186,0.000000,0.990762,,
perstep,30,posture,left_elbow_joint,0.228876,1.280000,0.548331,,
perstep,30,posture,left_wrist_roll_joint,-0.135078,0.000000,0.931510,,
perstep,30,posture,left_wrist_pitch_joint,-0.071163,0.000000,0.955921,,
perstep,30,posture,left_wrist_yaw_joint,-0.071337,0.000000,0.955813,,
perstep,30,posture,right_shoulder_pitch_joint,0.049587,0.200000,0.954271,,
perstep,30,posture,right_shoulder_roll_joint,-0.042435,-0.200000,0.923195,,
perstep,30,posture,right_shoulder_yaw_joint,-0.107259,0.000000,0.959030,,
perstep,30,posture,right_elbow_joint,0.292904,1.280000,0.575844,,
perstep,30,posture,right_wrist_roll_joint,0.019777,0.000000,0.989972,,
perstep,30,posture,right_wrist_pitch_joint,0.015814,0.000000,0.990204,,
perstep,30,posture,right_wrist_yaw_joint,0.008128,0.000000,0.994965,,
perstep,31,orientation,orientation_rz,0.978718,1.000000,1.000000,,
perstep,31,height,torso_height,0.950045,0.900000,0.944395,,
perstep,31,posture,left_hip_pitch_joint,-0.166381,0.000000,0.942225,,
perstep,31,posture,left_hip_roll_joint,0.120864,0.000000,0.959265,,
perstep,31,posture,left_hip_yaw_joint,-0.204647,0.000000,0.925788,,
perstep,31,posture,left_knee_joint,0.237376,0.000000,0.917572,,
perstep,31,posture,left_ankle_pitch_joint,-0.093241,0.000000,0.893155,,
perstep,31,posture,left_ankle_roll_joint,0.003885,0.000000,0.985159,,
perstep,31,posture,right_hip_pitch_joint,-0.142524,0.000000,0.950509,,
perstep,31,posture,right_hip_roll_joint,0.065577,0.000000,0.977899,,
perstep,31,posture,right_hip_yaw_joint,-0.053682,0.000000,0.980533,,
perstep,31,posture,right_knee_joint,0.360260,0.000000,0.874901,,
perstep,31,posture,right_ankle_pitch_joint,-0.004766,0.000000,0.994539,,
perstep,31,posture,right_ankle_roll_joint,-0.013734,0.000000,0.947539,,
perstep,31,posture,waist_yaw_joint,0.015797,0.000000,0.993966,,
perstep,31,posture,waist_roll_joint,0.039201,0.000000,0.924614,,
perstep,31,posture,waist_pitch_joint,0.010981,0.000000,0.978883,,
perstep,31,posture,left_shoulder_pitch_joint,-0.079669,0.200000,0.914974,,
perstep,31,posture,left_shoulder_roll_joint,0.026074,0.200000,0.915220,,
perstep,31,posture,left_shoulder_yaw_joint,0.029711,0.000000,0.988651,,
perstep,31,posture,left_elbow_joint,0.224887,1.280000,0.546617,,
perstep,31,posture,left_wrist_roll_joint,-0.171353,0.000000,0.913117,,
perstep,31,posture,left_wrist_pitch_joint,-0.066621,0.000000,0.958734,,
perstep,31,posture,left_wrist_yaw_joint,-0.072953,0.000000,0.954812,,
perstep,31,posture,right_shoulder_pitch_joint,0.009288,0.200000,0.942019,,
perstep,31,posture,right_shoulder_roll_joint,-0.032980,-0.200000,0.918586,,
perstep,31,posture,right_shoulder_yaw_joint,-0.097901,0.000000,0.962605,,
perstep,31,posture,right_elbow_joint,0.342585,1.280000,0.597192,,
perstep,31,posture,right_wrist_roll_joint,0.029393,0.000000,0.985097,,
perstep,31,posture,right_wrist_pitch_joint,0.031413,0.000000,0.980542,,
perstep,31,posture,right_wrist_yaw_joint,0.000923,0.000000,0.999428,,
perstep,32,orientation,orientation_rz,0.980838,1.000000,1.000000,,
perstep,32,height,torso_height,0.950840,0.900000,0.943511,,
perstep,32,posture,left_hip_pitch_joint,-0.185871,0.000000,0.935457,,
perstep,32,posture,left_hip_roll_joint,0.122503,0.000000,0.958713,,
perstep,32,posture,left_hip_yaw_joint,-0.237937,0.000000,0.913716,,
perstep,32,posture,left_knee_joint,0.220391,0.000000,0.923470,,
perstep,32,posture,left_ankle_pitch_joint,-0.092803,0.000000,0.893656,,
perstep,32,posture,left_ankle_roll_joint,-0.000994,0.000000,0.996202,,
perstep,32,posture,right_hip_pitch_joint,-0.120604,0.000000,0.958121,,
perstep,32,posture,right_hip_roll_joint,0.066267,0.000000,0.977666,,
perstep,32,posture,right_hip_yaw_joint,-0.042284,0.000000,0.984666,,
perstep,32,posture,right_knee_joint,0.365833,0.000000,0.872966,,
perstep,32,posture,right_ankle_pitch_joint,-0.028151,0.000000,0.967741,,
perstep,32,posture,right_ankle_roll_joint,-0.017338,0.000000,0.933773,,
perstep,32,posture,waist_yaw_joint,0.022605,0.000000,0.991366,,
perstep,32,posture,waist_roll_joint,0.039228,0.000000,0.924561,,
perstep,32,posture,waist_pitch_joint,0.007150,0.000000,0.986250,,
perstep,32,posture,left_shoulder_pitch_joint,-0.074770,0.200000,0.916463,,
perstep,32,posture,left_shoulder_roll_joint,0.038899,0.200000,0.921471,,
perstep,32,posture,left_shoulder_yaw_joint,0.036591,0.000000,0.986023,,
perstep,32,posture,left_elbow_joint,0.226309,1.280000,0.547228,,
perstep,32,posture,left_wrist_roll_joint,-0.197642,0.000000,0.899787,,
perstep,32,posture,left_wrist_pitch_joint,-0.060175,0.000000,0.962727,,
perstep,32,posture,left_wrist_yaw_joint,-0.072525,0.000000,0.955077,,
perstep,32,posture,right_shoulder_pitch_joint,-0.040616,0.200000,0.926847,,
perstep,32,posture,right_shoulder_roll_joint,-0.022357,-0.200000,0.913408,,
perstep,32,posture,right_shoulder_yaw_joint,-0.078667,0.000000,0.969952,,
perstep,32,posture,right_elbow_joint,0.399125,1.280000,0.621487,,
perstep,32,posture,right_wrist_roll_joint,0.029010,0.000000,0.985291,,
perstep,32,posture,right_wrist_pitch_joint,0.049102,0.000000,0.969586,,
perstep,32,posture,right_wrist_yaw_joint,-0.008296,0.000000,0.994861,,
perstep,33,orientation,orientation_rz,0.982428,1.000000,1.000000,,
perstep,33,height,torso_height,0.948959,0.900000,0.945601,,
perstep,33,posture,left_hip_pitch_joint,-0.200574,0.000000,0.930351,,
perstep,33,posture,left_hip_roll_joint,0.116601,0.000000,0.960702,,
perstep,33,posture,left_hip_yaw_joint,-0.260099,0.000000,0.905679,,
perstep,33,posture,left_knee_joint,0.211348,0.000000,0.926610,,
perstep,33,posture,left_ankle_pitch_joint,-0.086200,0.000000,0.901223,,
perstep,33,posture,left_ankle_roll_joint,-0.010018,0.000000,0.961734,,
perstep,33,posture,right_hip_pitch_joint,-0.098947,0.000000,0.965641,,
perstep,33,posture,right_hip_roll_joint,0.055090,0.000000,0.981433,,
perstep,33,posture,right_hip_yaw_joint,-0.015613,0.000000,0.994338,,
perstep,33,posture,right_knee_joint,0.360163,0.000000,0.874935,,
perstep,33,posture,right_ankle_pitch_joint,-0.056223,0.000000,0.935574,,
perstep,33,posture,right_ankle_roll_joint,-0.016868,0.000000,0.935568,,
perstep,33,posture,waist_yaw_joint,0.029836,0.000000,0.988603,,
perstep,33,posture,waist_roll_joint,0.028900,0.000000,0.944424,,
perstep,33,posture,waist_pitch_joint,0.002497,0.000000,0.995198,,
perstep,33,posture,left_shoulder_pitch_joint,-0.059700,0.200000,0.921045,,
perstep,33,posture,left_shoulder_roll_joint,0.046777,0.200000,0.925312,,
perstep,33,posture,left_shoulder_yaw_joint,0.046470,0.000000,0.982250,,
perstep,33,posture,left_elbow_joint,0.230418,1.280000,0.548993,,
perstep,33,posture,left_wrist_roll_joint,-0.224227,0.000000,0.886307,,
perstep,33,posture,left_wrist_pitch_joint,-0.051782,0.000000,0.967926,,
perstep,33,posture,left_wrist_yaw_joint,-0.070033,0.000000,0.956620,,
perstep,33,posture,right_shoulder_pitch_joint,-0.099364,0.200000,0.908986,,
perstep,33,posture,right_shoulder_roll_joint,-0.009589,-0.200000,0.907185,,
perstep,33,posture,right_shoulder_yaw_joint,-0.065018,0.000000,0.975165,,
perstep,33,posture,right_elbow_joint,0.446825,1.280000,0.641984,,
perstep,33,posture,right_wrist_roll_joint,0.022801,0.000000,0.988439,,
perstep,33,posture,right_wrist_pitch_joint,0.065118,0.000000,0.959665,,
perstep,33,posture,right_wrist_yaw_joint,-0.019440,0.000000,0.987958,,
perstep,34,orientation,orientation_rz,0.983023,1.000000,1.000000,,
perstep,34,height,torso_height,0.944444,0.900000,0.950618,,
perstep,34,posture,left_hip_pitch_joint,-0.202657,0.000000,0.929628,,
perstep,34,posture,left_hip_roll_joint,0.119812,0.000000,0.959620,,
perstep,34,posture,left_hip_yaw_joint,-0.271097,0.000000,0.901691,,
perstep,34,posture,left_knee_joint,0.209781,0.000000,0.927154,,
perstep,34,posture,left_ankle_pitch_joint,-0.082935,0.000000,0.904964,,
perstep,34,posture,left_ankle_roll_joint,-0.014454,0.000000,0.944792,,
perstep,34,posture,right_hip_pitch_joint,-0.108034,0.000000,0.962486,,
perstep,34,posture,right_hip_roll_joint,0.065686,0.000000,0.977862,,
perstep,34,posture,right_hip_yaw_joint,-0.008316,0.000000,0.996984,,
perstep,34,posture,right_knee_joint,0.352714,0.000000,0.877521,,
perstep,34,posture,right_ankle_pitch_joint,-0.063477,0.000000,0.927261,,
perstep,34,posture,right_ankle_roll_joint,-0.018316,0.000000,0.930037,,
perstep,34,posture,waist_yaw_joint,0.020825,0.000000,0.992045,,
perstep,34,posture,waist_roll_joint,0.029254,0.000000,0.943742,,
perstep,34,posture,waist_pitch_joint,0.002227,0.000000,0.995718,,
perstep,34,posture,left_shoulder_pitch_joint,-0.032773,0.200000,0.929231,,
perstep,34,posture,left_shoulder_roll_joint,0.061536,0.200000,0.932506,,
perstep,34,posture,left_shoulder_yaw_joint,0.056726,0.000000,0.978332,,
perstep,34,posture,left_elbow_joint,0.226132,1.280000,0.547152,,
perstep,34,posture,left_wrist_roll_joint,-0.260266,0.000000,0.868034,,
perstep,34,posture,left_wrist_pitch_joint,-0.041007,0.000000,0.974600,,
perstep,34,posture,left_wrist_yaw_joint,-0.065543,0.000000,0.959402,,
perstep,34,posture,right_shoulder_pitch_joint,-0.164052,0.200000,0.889319,,
perstep,34,posture,right_shoulder_roll_joint,-0.003670,-0.200000,0.904299,,
perstep,34,posture,right_shoulder_yaw_joint,-0.056325,0.000000,0.978485,,
perstep,34,posture,right_elbow_joint,0.486794,1.280000,0.659159,,
perstep,34,posture,right_wrist_roll_joint,0.018649,0.000000,0.990544,,
perstep,34,posture,right_wrist_pitch_joint,0.080706,0.000000,0.950009,,
perstep,34,posture,right_wrist_yaw_joint,-0.032514,0.000000,0.979861,,
perstep,35,orientation,orientation_rz,0.981891,1.000000,1.000000,,
perstep,35,height,torso_height,0.942793,0.900000,0.952452,,
perstep,35,posture,left_hip_pitch_joint,-0.200587,0.000000,0.930347,,
perstep,35,posture,left_hip_roll_joint,0.128650,0.000000,0.956641,,
perstep,35,posture,left_hip_yaw_joint,-0.277880,0.000000,0.899231,,
perstep,35,posture,left_knee_joint,0.213989,0.000000,0.925693,,
perstep,35,posture,left_ankle_pitch_joint,-0.079531,0.000000,0.908865,,
perstep,35,posture,left_ankle_roll_joint,-0.013074,0.000000,0.950061,,
perstep,35,posture,right_hip_pitch_joint,-0.122979,0.000000,0.957296,,
perstep,35,posture,right_hip_roll_joint,0.069546,0.000000,0.976561,,
perstep,35,posture,right_hip_yaw_joint,-0.005574,0.000000,0.997979,,
perstep,35,posture,right_knee_joint,0.346358,0.000000,0.879729,,
perstep,35,posture,right_ankle_pitch_joint,-0.059141,0.000000,0.932230,,
perstep,35,posture,right_ankle_roll_joint,-0.024413,0.000000,0.906751,,
perstep,35,posture,waist_yaw_joint,0.000020,0.000000,0.999992,,
perstep,35,posture,waist_roll_joint,0.027771,0.000000,0.946595,,
perstep,35,posture,waist_pitch_joint,-0.000664,0.000000,0.998722,,
perstep,35,posture,left_shoulder_pitch_joint,0.004983,0.200000,0.940710,,
perstep,35,posture,left_shoulder_roll_joint,0.078251,0.200000,0.940654,,
perstep,35,posture,left_shoulder_yaw_joint,0.066763,0.000000,0.974499,,
perstep,35,posture,left_elbow_joint,0.212455,1.280000,0.541275,,
perstep,35,posture,left_wrist_roll_joint,-0.292855,0.000000,0.851510,,
perstep,35,posture,left_wrist_pitch_joint,-0.028098,0.000000,0.982596,,
perstep,35,posture,left_wrist_yaw_joint,-0.059041,0.000000,0.963429,,
perstep,35,posture,right_shoulder_pitch_joint,-0.228040,0.200000,0.869865,,
perstep,35,posture,right_shoulder_roll_joint,0.000265,-0.200000,0.902381,,
perstep,35,posture,right_shoulder_yaw_joint,-0.055547,0.000000,0.978783,,
perstep,35,posture,right_elbow_joint,0.517990,1.280000,0.672564,,
perstep,35,posture,right_wrist_roll_joint,0.015065,0.000000,0.992361,,
perstep,35,posture,right_wrist_pitch_joint,0.094942,0.000000,0.941192,,
perstep,35,posture,right_wrist_yaw_joint,-0.047504,0.000000,0.970575,,
perstep,36,orientation,orientation_rz,0.979979,1.000000,1.000000,,
perstep,36,height,torso_height,0.940473,0.900000,0.955030,,
perstep,36,posture,left_hip_pitch_joint,-0.191143,0.000000,0.933626,,
perstep,36,posture,left_hip_roll_joint,0.137999,0.000000,0.953490,,
perstep,36,posture,left_hip_yaw_joint,-0.281378,0.000000,0.897963,,
perstep,36,posture,left_knee_joint,0.222963,0.000000,0.922577,,
perstep,36,posture,left_ankle_pitch_joint,-0.074617,0.000000,0.914495,,
perstep,36,posture,left_ankle_roll_joint,-0.008066,0.000000,0.969189,,
perstep,36,posture,right_hip_pitch_joint,-0.130492,0.000000,0.954687,,
perstep,36,posture,right_hip_roll_joint,0.066822,0.000000,0.977479,,
perstep,36,posture,right_hip_yaw_joint,-0.007527,0.000000,0.997271,,
perstep,36,posture,right_knee_joint,0.344611,0.000000,0.880335,,
perstep,36,posture,right_ankle_pitch_joint,-0.050719,0.000000,0.941881,,
perstep,36,posture,right_ankle_roll_joint,-0.028348,0.000000,0.891718,,
perstep,36,posture,waist_yaw_joint,-0.024343,0.000000,0.990702,,
perstep,36,posture,waist_roll_joint,0.024081,0.000000,0.953690,,
perstep,36,posture,waist_pitch_joint,-0.002465,0.000000,0.995260,,
perstep,36,posture,left_shoulder_pitch_joint,0.048014,0.200000,0.953792,,
perstep,36,posture,left_shoulder_roll_joint,0.093876,0.200000,0.948270,,
perstep,36,posture,left_shoulder_yaw_joint,0.071158,0.000000,0.972820,,
perstep,36,posture,left_elbow_joint,0.194255,1.280000,0.533454,,
perstep,36,posture,left_wrist_roll_joint,-0.318167,0.000000,0.838676,,
perstep,36,posture,left_wrist_pitch_joint,-0.015367,0.000000,0.990481,,
perstep,36,posture,left_wrist_yaw_joint,-0.052809,0.000000,0.967289,,
perstep,36,posture,right_shoulder_pitch_joint,-0.286039,0.200000,0.852232,,
perstep,36,posture,right_shoulder_roll_joint,-0.001280,-0.200000,0.903135,,
perstep,36,posture,right_shoulder_yaw_joint,-0.063326,0.000000,0.975811,,
perstep,36,posture,right_elbow_joint,0.540006,1.280000,0.682024,,
perstep,36,posture,right_wrist_roll_joint,0.007788,0.000000,0.996051,,
perstep,36,posture,right_wrist_pitch_joint,0.108378,0.000000,0.932869,,
perstep,36,posture,right_wrist_yaw_joint,-0.064374,0.000000,0.960126,,
perstep,37,orientation,orientation_rz,0.978048,1.000000,1.000000,,
perstep,37,height,torso_height,0.938585,0.900000,0.957127,,
perstep,37,posture,left_hip_pitch_joint,-0.160605,0.000000,0.944230,,
perstep,37,posture,left_hip_roll_joint,0.141730,0.000000,0.952233,,
perstep,37,posture,left_hip_yaw_joint,-0.278758,0.000000,0.898913,,
perstep,37,posture,left_knee_joint,0.246941,0.000000,0.914251,,
perstep,37,posture,left_ankle_pitch_joint,-0.067799,0.000000,0.922309,,
perstep,37,posture,left_ankle_roll_joint,-0.006673,0.000000,0.974510,,
perstep,37,posture,right_hip_pitch_joint,-0.135316,0.000000,0.953012,,
perstep,37,posture,right_hip_roll_joint,0.058030,0.000000,0.980442,,
perstep,37,posture,right_hip_yaw_joint,-0.005323,0.000000,0.998070,,
perstep,37,posture,right_knee_joint,0.351140,0.000000,0.878068,,
perstep,37,posture,right_ankle_pitch_joint,-0.048138,0.000000,0.944838,,
perstep,37,posture,right_ankle_roll_joint,-0.030205,0.000000,0.884626,,
perstep,37,posture,waist_yaw_joint,-0.043417,0.000000,0.983416,,
perstep,37,posture,waist_roll_joint,0.020440,0.000000,0.960692,,
perstep,37,posture,waist_pitch_joint,0.009355,0.000000,0.982010,,
perstep,37,posture,left_shoulder_pitch_joint,0.086448,0.200000,0.965477,,
perstep,37,posture,left_shoulder_roll_joint,0.099233,0.200000,0.950881,,
perstep,37,posture,left_shoulder_yaw_joint,0.065866,0.000000,0.974841,,
perstep,37,posture,left_elbow_joint,0.186440,1.280000,0.530096,,
perstep,37,posture,left_wrist_roll_joint,-0.333391,0.000000,0.830956,,
perstep,37,posture,left_wrist_pitch_joint,-0.004537,0.000000,0.997190,,
perstep,37,posture,left_wrist_yaw_joint,-0.048535,0.000000,0.969936,,
perstep,37,posture,right_shoulder_pitch_joint,-0.333472,0.200000,0.837811,,
perstep,37,posture,right_shoulder_roll_joint,-0.011406,-0.200000,0.908070,,
perstep,37,posture,right_shoulder_yaw_joint,-0.080405,0.000000,0.969288,,
perstep,37,posture,right_elbow_joint,0.552763,1.280000,0.687506,,
perstep,37,posture,right_wrist_roll_joint,-0.007791,0.000000,0.996050,,
perstep,37,posture,right_wrist_pitch_joint,0.119920,0.000000,0.925720,,
perstep,37,posture,right_wrist_yaw_joint,-0.083126,0.000000,0.948511,,
perstep,38,orientation,orientation_rz,0.977307,1.000000,1.000000,,
perstep,38,height,torso_height,0.940142,0.900000,0.955397,,
perstep,38,posture,left_hip_pitch_joint,-0.119599,0.000000,0.958470,,
perstep,38,posture,left_hip_roll_joint,0.141600,0.000000,0.952277,,
perstep,38,posture,left_hip_yaw_joint,-0.268947,0.000000,0.902470,,
perstep,38,posture,left_knee_joint,0.279831,0.000000,0.902830,,
perstep,38,posture,left_ankle_pitch_joint,-0.062331,0.000000,0.928574,,
perstep,38,posture,left_ankle_roll_joint,-0.004895,0.000000,0.981302,,
perstep,38,posture,right_hip_pitch_joint,-0.142797,0.000000,0.950414,,
perstep,38,posture,right_hip_roll_joint,0.036588,0.000000,0.987669,,
perstep,38,posture,right_hip_yaw_joint,0.001840,0.000000,0.999333,,
perstep,38,posture,right_knee_joint,0.356202,0.000000,0.876310,,
perstep,38,posture,right_ankle_pitch_joint,-0.055231,0.000000,0.936710,,
perstep,38,posture,right_ankle_roll_joint,-0.028142,0.000000,0.892506,,
perstep,38,posture,waist_yaw_joint,-0.055698,0.000000,0.978725,,
perstep,38,posture,waist_roll_joint,0.014230,0.000000,0.972635,,
perstep,38,posture,waist_pitch_joint,0.027648,0.000000,0.946831,,
perstep,38,posture,left_shoulder_pitch_joint,0.118397,0.200000,0.975191,,
perstep,38,posture,left_shoulder_roll_joint,0.095561,0.200000,0.949091,,
perstep,38,posture,left_shoulder_yaw_joint,0.051011,0.000000,0.980515,,
perstep,38,posture,left_elbow_joint,0.184985,1.280000,0.529471,,
perstep,38,posture,left_wrist_roll_joint,-0.340639,0.000000,0.827282,,
perstep,38,posture,left_wrist_pitch_joint,0.004358,0.000000,0.997300,,
perstep,38,posture,left_wrist_yaw_joint,-0.046205,0.000000,0.971380,,
perstep,38,posture,right_shoulder_pitch_joint,-0.371092,0.200000,0.826373,,
perstep,38,posture,right_shoulder_roll_joint,-0.023937,-0.200000,0.914178,,
perstep,38,posture,right_shoulder_yaw_joint,-0.103632,0.000000,0.960416,,
perstep,38,posture,right_elbow_joint,0.555778,1.280000,0.688801,,
perstep,38,posture,right_wrist_roll_joint,-0.026715,0.000000,0.986455,,
perstep,38,posture,right_wrist_pitch_joint,0.129484,0.000000,0.919796,,
perstep,38,posture,right_wrist_yaw_joint,-0.103816,0.000000,0.935695,,
perstep,39,orientation,orientation_rz,0.977475,1.000000,1.000000,,
perstep,39,height,torso_height,0.942012,0.900000,0.953320,,
perstep,39,posture,left_hip_pitch_joint,-0.091478,0.000000,0.968235,,
perstep,39,posture,left_hip_roll_joint,0.143946,0.000000,0.951486,,
perstep,39,posture,left_hip_yaw_joint,-0.262611,0.000000,0.904768,,
perstep,39,posture,left_knee_joint,0.296348,0.000000,0.897094,,
perstep,39,posture,left_ankle_pitch_joint,-0.059054,0.000000,0.932329,,
perstep,39,posture,left_ankle_roll_joint,-0.002360,0.000000,0.990984,,
perstep,39,posture,right_hip_pitch_joint,-0.156407,0.000000,0.945688,,
perstep,39,posture,right_hip_roll_joint,0.013034,0.000000,0.995607,,
perstep,39,posture,right_hip_yaw_joint,0.005247,0.000000,0.998097,,
perstep,39,posture,right_knee_joint,0.344282,0.000000,0.880449,,
perstep,39,posture,right_ankle_pitch_joint,-0.057639,0.000000,0.933950,,
perstep,39,posture,right_ankle_roll_joint,-0.030367,0.000000,0.884009,,
perstep,39,posture,waist_yaw_joint,-0.057506,0.000000,0.978034,,
perstep,39,posture,waist_roll_joint,0.006778,0.000000,0.986966,,
perstep,39,posture,waist_pitch_joint,0.031252,0.000000,0.939900,,
perstep,39,posture,left_shoulder_pitch_joint,0.142076,0.200000,0.982390,,
perstep,39,posture,left_shoulder_roll_joint,0.090538,0.200000,0.946643,,
perstep,39,posture,left_shoulder_yaw_joint,0.027255,0.000000,0.989589,,
perstep,39,posture,left_elbow_joint,0.177340,1.280000,0.526186,,
perstep,39,posture,left_wrist_roll_joint,-0.357873,0.000000,0.818543,,
perstep,39,posture,left_wrist_pitch_joint,0.011519,0.000000,0.992865,,
perstep,39,posture,left_wrist_yaw_joint,-0.042160,0.000000,0.973886,,
perstep,39,posture,right_shoulder_pitch_joint,-0.397627,0.200000,0.818306,,
perstep,39,posture,right_shoulder_roll_joint,-0.028031,-0.200000,0.916174,,
perstep,39,posture,right_shoulder_yaw_joint,-0.126489,0.000000,0.951685,,
perstep,39,posture,right_elbow_joint,0.549128,1.280000,0.685944,,
perstep,39,posture,right_wrist_roll_joint,-0.035665,0.000000,0.981916,,
perstep,39,posture,right_wrist_pitch_joint,0.137115,0.000000,0.915069,,
perstep,39,posture,right_wrist_yaw_joint,-0.126590,0.000000,0.921589,,
perstep,40,orientation,orientation_rz,0.977506,1.000000,1.000000,,
perstep,40,height,torso_height,0.943346,0.900000,0.951837,,
perstep,40,posture,left_hip_pitch_joint,-0.059251,0.000000,0.979425,,
perstep,40,posture,left_hip_roll_joint,0.149297,0.000000,0.949683,,
perstep,40,posture,left_hip_yaw_joint,-0.259671,0.000000,0.905834,,
perstep,40,posture,left_knee_joint,0.306950,0.000000,0.893413,,
perstep,40,posture,left_ankle_pitch_joint,-0.054330,0.000000,0.937743,,
perstep,40,posture,left_ankle_roll_joint,0.001599,0.000000,0.993892,,
perstep,40,posture,right_hip_pitch_joint,-0.172426,0.000000,0.940126,,
perstep,40,posture,right_hip_roll_joint,-0.011162,0.000000,0.996238,,
perstep,40,posture,right_hip_yaw_joint,0.005989,0.000000,0.997828,,
perstep,40,posture,right_knee_joint,0.329480,0.000000,0.885589,,
perstep,40,posture,right_ankle_pitch_joint,-0.065850,0.000000,0.924542,,
perstep,40,posture,right_ankle_roll_joint,-0.035944,0.000000,0.862705,,
perstep,40,posture,waist_yaw_joint,-0.055524,0.000000,0.978791,,
perstep,40,posture,waist_roll_joint,-0.007538,0.000000,0.985503,,
perstep,40,posture,waist_pitch_joint,0.026833,0.000000,0.948397,,
perstep,40,posture,left_shoulder_pitch_joint,0.157710,0.200000,0.987143,,
perstep,40,posture,left_shoulder_roll_joint,0.075616,0.200000,0.939369,,
perstep,40,posture,left_shoulder_yaw_joint,0.011352,0.000000,0.995664,,
perstep,40,posture,left_elbow_joint,0.172305,1.280000,0.524022,,
perstep,40,posture,left_wrist_roll_joint,-0.385090,0.000000,0.804743,,
perstep,40,posture,left_wrist_pitch_joint,0.016912,0.000000,0.989524,,
perstep,40,posture,left_wrist_yaw_joint,-0.036085,0.000000,0.977648,,
perstep,40,posture,right_shoulder_pitch_joint,-0.412736,0.200000,0.813713,,
perstep,40,posture,right_shoulder_roll_joint,-0.023032,-0.200000,0.913737,,
perstep,40,posture,right_shoulder_yaw_joint,-0.147929,0.000000,0.943495,,
perstep,40,posture,right_elbow_joint,0.533279,1.280000,0.679133,,
perstep,40,posture,right_wrist_roll_joint,-0.041371,0.000000,0.979023,,
perstep,40,posture,right_wrist_pitch_joint,0.142917,0.000000,0.911475,,
perstep,40,posture,right_wrist_yaw_joint,-0.151396,0.000000,0.906223,,
perstep,41,orientation,orientation_rz,0.976967,1.000000,1.000000,,
perstep,41,height,torso_height,0.945099,0.900000,0.949890,,
perstep,41,posture,left_hip_pitch_joint,-0.017276,0.000000,0.994001,,
perstep,41,posture,left_hip_roll_joint,0.150516,0.000000,0.949272,,
perstep,41,posture,left_hip_yaw_joint,-0.260140,0.000000,0.905664,,
perstep,41,posture,left_knee_joint,0.316376,0.000000,0.890139,,
perstep,41,posture,left_ankle_pitch_joint,-0.046296,0.000000,0.946948,,
perstep,41,posture,left_ankle_roll_joint,0.002997,0.000000,0.988554,,
perstep,41,posture,right_hip_pitch_joint,-0.187020,0.000000,0.935058,,
perstep,41,posture,right_hip_roll_joint,-0.036801,0.000000,0.987597,,
perstep,41,posture,right_hip_yaw_joint,0.008947,0.000000,0.996756,,
perstep,41,posture,right_knee_joint,0.306293,0.000000,0.893641,,
perstep,41,posture,right_ankle_pitch_joint,-0.066220,0.000000,0.924118,,
perstep,41,posture,right_ankle_roll_joint,-0.035521,0.000000,0.864322,,
perstep,41,posture,waist_yaw_joint,-0.048093,0.000000,0.981630,,
perstep,41,posture,waist_roll_joint,-0.019845,0.000000,0.961836,,
perstep,41,posture,waist_pitch_joint,0.019175,0.000000,0.963125,,
perstep,41,posture,left_shoulder_pitch_joint,0.165261,0.200000,0.989439,,
perstep,41,posture,left_shoulder_roll_joint,0.057717,0.200000,0.930644,,
perstep,41,posture,left_shoulder_yaw_joint,0.004947,0.000000,0.998110,,
perstep,41,posture,left_elbow_joint,0.170741,1.280000,0.523350,,
perstep,41,posture,left_wrist_roll_joint,-0.419425,0.000000,0.787333,,
perstep,41,posture,left_wrist_pitch_joint,0.020617,0.000000,0.987230,,
perstep,41,posture,left_wrist_yaw_joint,-0.028020,0.000000,0.982644,,
perstep,41,posture,right_shoulder_pitch_joint,-0.417253,0.200000,0.812340,,
perstep,41,posture,right_shoulder_roll_joint,-0.008976,-0.200000,0.906886,,
perstep,41,posture,right_shoulder_yaw_joint,-0.172992,0.000000,0.933922,,
perstep,41,posture,right_elbow_joint,0.507880,1.280000,0.668219,,
perstep,41,posture,right_wrist_roll_joint,-0.037302,0.000000,0.981086,,
perstep,41,posture,right_wrist_pitch_joint,0.146809,0.000000,0.909065,,
perstep,41,posture,right_wrist_yaw_joint,-0.178223,0.000000,0.889606,,
perstep,42,orientation,orientation_rz,0.975649,1.000000,1.000000,,
perstep,42,height,torso_height,0.947132,0.900000,0.947631,,
perstep,42,posture,left_hip_pitch_joint,0.025437,0.000000,0.991167,,
perstep,42,posture,left_hip_roll_joint,0.144497,0.000000,0.951300,,
perstep,42,posture,left_hip_yaw_joint,-0.264977,0.000000,0.903910,,
perstep,42,posture,left_knee_joint,0.336883,0.000000,0.883019,,
perstep,42,posture,left_ankle_pitch_joint,-0.036352,0.000000,0.958344,,
perstep,42,posture,left_ankle_roll_joint,0.000539,0.000000,0.997940,,
perstep,42,posture,right_hip_pitch_joint,-0.206172,0.000000,0.928408,,
perstep,42,posture,right_hip_roll_joint,-0.061272,0.000000,0.979349,,
perstep,42,posture,right_hip_yaw_joint,0.016469,0.000000,0.994028,,
perstep,42,posture,right_knee_joint,0.283856,0.000000,0.901432,,
perstep,42,posture,right_ankle_pitch_joint,-0.060594,0.000000,0.930564,,
perstep,42,posture,right_ankle_roll_joint,-0.032639,0.000000,0.875330,,
perstep,42,posture,waist_yaw_joint,-0.040736,0.000000,0.984440,,
perstep,42,posture,waist_roll_joint,-0.029496,0.000000,0.943277,,
perstep,42,posture,waist_pitch_joint,0.012341,0.000000,0.976267,,
perstep,42,posture,left_shoulder_pitch_joint,0.164071,0.200000,0.989077,,
perstep,42,posture,left_shoulder_roll_joint,0.031119,0.200000,0.917679,,
perstep,42,posture,left_shoulder_yaw_joint,0.008428,0.000000,0.996781,,
perstep,42,posture,left_elbow_joint,0.179828,1.280000,0.527255,,
perstep,42,posture,left_wrist_roll_joint,-0.446032,0.000000,0.773842,,
perstep,42,posture,left_wrist_pitch_joint,0.022455,0.000000,0.986091,,
perstep,42,posture,left_wrist_yaw_joint,-0.017955,0.000000,0.988879,,
perstep,42,posture,right_shoulder_pitch_joint,-0.412045,0.200000,0.813923,,
perstep,42,posture,right_shoulder_roll_joint,0.013896,-0.200000,0.895737,,
perstep,42,posture,right_shoulder_yaw_joint,-0.195575,0.000000,0.925296,,
perstep,42,posture,right_elbow_joint,0.472538,1.280000,0.653033,,
perstep,42,posture,right_wrist_roll_joint,-0.023253,0.000000,0.988210,,
perstep,42,posture,right_wrist_pitch_joint,0.148694,0.000000,0.907897,,
perstep,42,posture,right_wrist_yaw_joint,-0.207080,0.000000,0.871732,,
perstep,43,orientation,orientation_rz,0.974299,1.000000,1.000000,,
perstep,43,height,torso_height,0.948602,0.900000,0.945997,,
perstep,43,posture,left_hip_pitch_joint,0.072962,0.000000,0.974664,,
perstep,43,posture,left_hip_roll_joint,0.135967,0.000000,0.954175,,
perstep,43,posture,left_hip_yaw_joint,-0.275242,0.000000,0.900188,,
perstep,43,posture,left_knee_joint,0.353300,0.000000,0.877318,,
perstep,43,posture,left_ankle_pitch_joint,-0.034032,0.000000,0.961002,,
perstep,43,posture,left_ankle_roll_joint,0.001883,0.000000,0.992809,,
perstep,43,posture,right_hip_pitch_joint,-0.214592,0.000000,0.925484,,
perstep,43,posture,right_hip_roll_joint,-0.086353,0.000000,0.970896,,
perstep,43,posture,right_hip_yaw_joint,0.015002,0.000000,0.994560,,
perstep,43,posture,right_knee_joint,0.261507,0.000000,0.909193,,
perstep,43,posture,right_ankle_pitch_joint,-0.059333,0.000000,0.932010,,
perstep,43,posture,right_ankle_roll_joint,-0.030328,0.000000,0.884157,,
perstep,43,posture,waist_yaw_joint,-0.043328,0.000000,0.983450,,
perstep,43,posture,waist_roll_joint,-0.033843,0.000000,0.934917,,
perstep,43,posture,waist_pitch_joint,0.024709,0.000000,0.952483,,
perstep,43,posture,left_shoulder_pitch_joint,0.161687,0.200000,0.988352,,
perstep,43,posture,left_shoulder_roll_joint,0.000957,0.200000,0.902977,,
perstep,43,posture,left_shoulder_yaw_joint,0.021421,0.000000,0.991818,,
perstep,43,posture,left_elbow_joint,0.187723,1.280000,0.530648,,
perstep,43,posture,left_wrist_roll_joint,-0.462643,0.000000,0.765420,,
perstep,43,posture,left_wrist_pitch_joint,0.026361,0.000000,0.983672,,
perstep,43,posture,left_wrist_yaw_joint,-0.005945,0.000000,0.996318,,
perstep,43,posture,right_shoulder_pitch_joint,-0.405698,0.200000,0.815852,,
perstep,43,posture,right_shoulder_roll_joint,0.027581,-0.200000,0.889066,,
perstep,43,posture,right_shoulder_yaw_joint,-0.218763,0.000000,0.916439,,
perstep,43,posture,right_elbow_joint,0.427434,1.280000,0.633652,,
perstep,43,posture,right_wrist_roll_joint,-0.009789,0.000000,0.995037,,
perstep,43,posture,right_wrist_pitch_joint,0.148625,0.000000,0.907940,,
perstep,43,posture,right_wrist_yaw_joint,-0.233895,0.000000,0.855122,,
perstep,44,orientation,orientation_rz,0.974299,1.000000,1.000000,,
perstep,44,height,torso_height,0.949245,0.900000,0.945284,,
perstep,44,posture,left_hip_pitch_joint,0.114603,0.000000,0.960205,,
perstep,44,posture,left_hip_roll_joint,0.124014,0.000000,0.958204,,
perstep,44,posture,left_hip_yaw_joint,-0.290626,0.000000,0.894609,,
perstep,44,posture,left_knee_joint,0.370693,0.000000,0.871278,,
perstep,44,posture,left_ankle_pitch_joint,-0.037102,0.000000,0.957485,,
perstep,44,posture,left_ankle_roll_joint,-0.001295,0.000000,0.995053,,
perstep,44,posture,right_hip_pitch_joint,-0.235701,0.000000,0.918154,,
perstep,44,posture,right_hip_roll_joint,-0.108388,0.000000,0.963470,,
perstep,44,posture,right_hip_yaw_joint,0.011068,0.000000,0.995986,,
perstep,44,posture,right_knee_joint,0.241305,0.000000,0.916208,,
perstep,44,posture,right_ankle_pitch_joint,-0.051846,0.000000,0.940589,,
perstep,44,posture,right_ankle_roll_joint,-0.031110,0.000000,0.881169,,
perstep,44,posture,waist_yaw_joint,-0.052196,0.000000,0.980063,,
perstep,44,posture,waist_roll_joint,-0.034753,0.000000,0.933167,,
perstep,44,posture,waist_pitch_joint,0.040270,0.000000,0.922559,,
perstep,44,posture,left_shoulder_pitch_joint,0.160194,0.200000,0.987898,,
perstep,44,posture,left_shoulder_roll_joint,-0.021931,0.200000,0.891820,,
perstep,44,posture,left_shoulder_yaw_joint,0.043754,0.000000,0.983287,,
perstep,44,posture,left_elbow_joint,0.200646,1.280000,0.536201,,
perstep,44,posture,left_wrist_roll_joint,-0.470586,0.000000,0.761393,,
perstep,44,posture,left_wrist_pitch_joint,0.030760,0.000000,0.980947,,
perstep,44,posture,left_wrist_yaw_joint,0.007993,0.000000,0.995049,,
perstep,44,posture,right_shoulder_pitch_joint,-0.399859,0.200000,0.817628,,
perstep,44,posture,right_shoulder_roll_joint,0.043173,-0.200000,0.881466,,
perstep,44,posture,right_shoulder_yaw_joint,-0.244438,0.000000,0.906632,,
perstep,44,posture,right_elbow_joint,0.372601,1.280000,0.610090,,
perstep,44,posture,right_wrist_roll_joint,-0.003431,0.000000,0.998260,,
perstep,44,posture,right_wrist_pitch_joint,0.146608,0.000000,0.909189,,
perstep,44,posture,right_wrist_yaw_joint,-0.258654,0.000000,0.839786,,
perstep,45,orientation,orientation_rz,0.975274,1.000000,1.000000,,
perstep,45,height,torso_height,0.949051,0.900000,0.945499,,
perstep,45,posture,left_hip_pitch_joint,0.156722,0.000000,0.945579,,
perstep,45,posture,left_hip_roll_joint,0.112590,0.000000,0.962054,,
perstep,45,posture,left_hip_yaw_joint,-0.310792,0.000000,0.887296,,
perstep,45,posture,left_knee_joint,0.382861,0.000000,0.867053,,
perstep,45,posture,left_ankle_pitch_joint,-0.032887,0.000000,0.962314,,
perstep,45,posture,left_ankle_roll_joint,-0.000674,0.000000,0.997427,,
perstep,45,posture,right_hip_pitch_joint,-0.262676,0.000000,0.908787,,
perstep,45,posture,right_hip_roll_joint,-0.119241,0.000000,0.959812,,
perstep,45,posture,right_hip_yaw_joint,0.010243,0.000000,0.996286,,
perstep,45,posture,right_knee_joint,0.222331,0.000000,0.922796,,
perstep,45,posture,right_ankle_pitch_joint,-0.048379,0.000000,0.944562,,
perstep,45,posture,right_ankle_roll_joint,-0.032052,0.000000,0.877570,,
perstep,45,posture,waist_yaw_joint,-0.057552,0.000000,0.978017,,
perstep,45,posture,waist_roll_joint,-0.031114,0.000000,0.940166,,
perstep,45,posture,waist_pitch_joint,0.052718,0.000000,0.898620,,
perstep,45,posture,left_shoulder_pitch_joint,0.151264,0.200000,0.985183,,
perstep,45,posture,left_shoulder_roll_joint,-0.036174,0.200000,0.884878,,
perstep,45,posture,left_shoulder_yaw_joint,0.075350,0.000000,0.971218,,
perstep,45,posture,left_elbow_joint,0.223973,1.280000,0.546224,,
perstep,45,posture,left_wrist_roll_joint,-0.480161,0.000000,0.756538,,
perstep,45,posture,left_wrist_pitch_joint,0.033308,0.000000,0.979368,,
perstep,45,posture,left_wrist_yaw_joint,0.019877,0.000000,0.987688,,
perstep,45,posture,right_shoulder_pitch_joint,-0.393260,0.200000,0.819634,,
perstep,45,posture,right_shoulder_roll_joint,0.064195,-0.200000,0.871218,,
perstep,45,posture,right_shoulder_yaw_joint,-0.260767,0.000000,0.900395,,
perstep,45,posture,right_elbow_joint,0.327754,1.280000,0.590819,,
perstep,45,posture,right_wrist_roll_joint,-0.006297,0.000000,0.996807,,
perstep,45,posture,right_wrist_pitch_joint,0.142549,0.000000,0.911704,,
perstep,45,posture,right_wrist_yaw_joint,-0.281476,0.000000,0.825650,,
perstep,46,orientation,orientation_rz,0.975482,1.000000,1.000000,,
perstep,46,height,torso_height,0.947362,0.900000,0.947375,,
perstep,46,posture,left_hip_pitch_joint,0.205957,0.000000,0.928482,,
perstep,46,posture,left_hip_roll_joint,0.102025,0.000000,0.965614,,
perstep,46,posture,left_hip_yaw_joint,-0.325465,0.000000,0.881975,,
perstep,46,posture,left_knee_joint,0.403518,0.000000,0.859880,,
perstep,46,posture,left_ankle_pitch_joint,-0.034131,0.000000,0.960889,,
perstep,46,posture,left_ankle_roll_joint,0.000609,0.000000,0.997672,,
perstep,46,posture,right_hip_pitch_joint,-0.279141,0.000000,0.903069,,
perstep,46,posture,right_hip_roll_joint,-0.124403,0.000000,0.958073,,
perstep,46,posture,right_hip_yaw_joint,0.003211,0.000000,0.998836,,
perstep,46,posture,right_knee_joint,0.202165,0.000000,0.929799,,
perstep,46,posture,right_ankle_pitch_joint,-0.059797,0.000000,0.931478,,
perstep,46,posture,right_ankle_roll_joint,-0.026871,0.000000,0.897359,,
perstep,46,posture,waist_yaw_joint,-0.066389,0.000000,0.974641,,
perstep,46,posture,waist_roll_joint,-0.030623,0.000000,0.941110,,
perstep,46,posture,waist_pitch_joint,0.068731,0.000000,0.867826,,
perstep,46,posture,left_shoulder_pitch_joint,0.139658,0.200000,0.981654,,
perstep,46,posture,left_shoulder_roll_joint,-0.041755,0.200000,0.882157,,
perstep,46,posture,left_shoulder_yaw_joint,0.116275,0.000000,0.955586,,
perstep,46,posture,left_elbow_joint,0.247567,1.280000,0.556363,,
perstep,46,posture,left_wrist_roll_joint,-0.485846,0.000000,0.753655,,
perstep,46,posture,left_wrist_pitch_joint,0.034068,0.000000,0.978898,,
perstep,46,posture,left_wrist_yaw_joint,0.029733,0.000000,0.981583,,
perstep,46,posture,right_shoulder_pitch_joint,-0.390421,0.200000,0.820497,,
perstep,46,posture,right_shoulder_roll_joint,0.084670,-0.200000,0.861238,,
perstep,46,posture,right_shoulder_yaw_joint,-0.272097,0.000000,0.896067,,
perstep,46,posture,right_elbow_joint,0.293729,1.280000,0.576198,,
perstep,46,posture,right_wrist_roll_joint,-0.011996,0.000000,0.993917,,
perstep,46,posture,right_wrist_pitch_joint,0.136656,0.000000,0.915353,,
perstep,46,posture,right_wrist_yaw_joint,-0.302335,0.000000,0.812730,,
perstep,47,orientation,orientation_rz,0.975409,1.000000,1.000000,,
perstep,47,height,torso_height,0.944687,0.900000,0.950348,,
perstep,47,posture,left_hip_pitch_joint,0.258457,0.000000,0.910252,,
perstep,47,posture,left_hip_roll_joint,0.087247,0.000000,0.970595,,
perstep,47,posture,left_hip_yaw_joint,-0.336205,0.000000,0.878080,,
perstep,47,posture,left_knee_joint,0.427837,0.000000,0.851435,,
perstep,47,posture,left_ankle_pitch_joint,-0.044691,0.000000,0.948789,,
perstep,47,posture,left_ankle_roll_joint,0.001312,0.000000,0.994989,,
perstep,47,posture,right_hip_pitch_joint,-0.293712,0.000000,0.898010,,
perstep,47,posture,right_hip_roll_joint,-0.123801,0.000000,0.958275,,
perstep,47,posture,right_hip_yaw_joint,-0.008272,0.000000,0.997000,,
perstep,47,posture,right_knee_joint,0.178876,0.000000,0.937886,,
perstep,47,posture,right_ankle_pitch_joint,-0.082010,0.000000,0.906024,,
perstep,47,posture,right_ankle_roll_joint,-0.012011,0.000000,0.954120,,
perstep,47,posture,waist_yaw_joint,-0.075818,0.000000,0.971040,,
perstep,47,posture,waist_roll_joint,-0.038464,0.000000,0.926030,,
perstep,47,posture,waist_pitch_joint,0.077008,0.000000,0.851907,,
perstep,47,posture,left_shoulder_pitch_joint,0.130598,0.200000,0.978900,,
perstep,47,posture,left_shoulder_roll_joint,-0.040548,0.200000,0.882745,,
perstep,47,posture,left_shoulder_yaw_joint,0.153360,0.000000,0.941421,,
perstep,47,posture,left_elbow_joint,0.262605,1.280000,0.562824,,
perstep,47,posture,left_wrist_roll_joint,-0.497633,0.000000,0.747679,,
perstep,47,posture,left_wrist_pitch_joint,0.033036,0.000000,0.979537,,
perstep,47,posture,left_wrist_yaw_joint,0.037657,0.000000,0.976675,,
perstep,47,posture,right_shoulder_pitch_joint,-0.385613,0.200000,0.821959,,
perstep,47,posture,right_shoulder_roll_joint,0.104404,-0.200000,0.851619,,
perstep,47,posture,right_shoulder_yaw_joint,-0.281824,0.000000,0.892351,,
perstep,47,posture,right_elbow_joint,0.270733,1.280000,0.566317,,
perstep,47,posture,right_wrist_roll_joint,-0.027667,0.000000,0.985972,,
perstep,47,posture,right_wrist_pitch_joint,0.132968,0.000000,0.917638,,
perstep,47,posture,right_wrist_yaw_joint,-0.321195,0.000000,0.801047,,
perstep,48,orientation,orientation_rz,0.975940,1.000000,1.000000,,
perstep,48,height,torso_height,0.942042,0.900000,0.953286,,
perstep,48,posture,left_hip_pitch_joint,0.314168,0.000000,0.890906,,
perstep,48,posture,left_hip_roll_joint,0.070796,0.000000,0.976140,,
perstep,48,posture,left_hip_yaw_joint,-0.341376,0.000000,0.876205,,
perstep,48,posture,left_knee_joint,0.456368,0.000000,0.841528,,
perstep,48,posture,left_ankle_pitch_joint,-0.053040,0.000000,0.939221,,
perstep,48,posture,left_ankle_roll_joint,-0.000323,0.000000,0.998765,,
perstep,48,posture,right_hip_pitch_joint,-0.301238,0.000000,0.895396,,
perstep,48,posture,right_hip_roll_joint,-0.111055,0.000000,0.962571,,
perstep,48,posture,right_hip_yaw_joint,-0.027448,0.000000,0.990046,,
perstep,48,posture,right_knee_joint,0.155247,0.000000,0.946091,,
perstep,48,posture,right_ankle_pitch_joint,-0.115870,0.000000,0.867223,,
perstep,48,posture,right_ankle_roll_joint,0.000022,0.000000,0.999915,,
perstep,48,posture,waist_yaw_joint,-0.074159,0.000000,0.971673,,
perstep,48,posture,waist_roll_joint,-0.039399,0.000000,0.924232,,
perstep,48,posture,waist_pitch_joint,0.080537,0.000000,0.845122,,
perstep,48,posture,left_shoulder_pitch_joint,0.119260,0.200000,0.975453,,
perstep,48,posture,left_shoulder_roll_joint,-0.037460,0.200000,0.884250,,
perstep,48,posture,left_shoulder_yaw_joint,0.180551,0.000000,0.931035,,
perstep,48,posture,left_elbow_joint,0.274851,1.280000,0.568087,,
perstep,48,posture,left_wrist_roll_joint,-0.510085,0.000000,0.741365,,
perstep,48,posture,left_wrist_pitch_joint,0.030217,0.000000,0.981283,,
perstep,48,posture,left_wrist_yaw_joint,0.043640,0.000000,0.972969,,
perstep,48,posture,right_shoulder_pitch_joint,-0.370644,0.200000,0.826510,,
perstep,48,posture,right_shoulder_roll_joint,0.114106,-0.200000,0.846890,,
perstep,48,posture,right_shoulder_yaw_joint,-0.292584,0.000000,0.888241,,
perstep,48,posture,right_elbow_joint,0.258074,1.280000,0.560877,,
perstep,48,posture,right_wrist_roll_joint,-0.041746,0.000000,0.978833,,
perstep,48,posture,right_wrist_pitch_joint,0.131318,0.000000,0.918660,,
perstep,48,posture,right_wrist_yaw_joint,-0.338060,0.000000,0.790601,,
perstep,49,orientation,orientation_rz,0.975968,1.000000,1.000000,,
perstep,49,height,torso_height,0.938459,0.900000,0.957267,,
perstep,49,posture,left_hip_pitch_joint,0.368160,0.000000,0.872158,,
perstep,49,posture,left_hip_roll_joint,0.052765,0.000000,0.982217,,
perstep,49,posture,left_hip_yaw_joint,-0.350508,0.000000,0.872894,,
perstep,49,posture,left_knee_joint,0.486345,0.000000,0.831118,,
perstep,49,posture,left_ankle_pitch_joint,-0.061824,0.000000,0.929155,,
perstep,49,posture,left_ankle_roll_joint,0.004910,0.000000,0.981244,,
perstep,49,posture,right_hip_pitch_joint,-0.301115,0.000000,0.895439,,
perstep,49,posture,right_hip_roll_joint,-0.093422,0.000000,0.968514,,
perstep,49,posture,right_hip_yaw_joint,-0.062442,0.000000,0.977356,,
perstep,49,posture,right_knee_joint,0.134711,0.000000,0.953222,,
perstep,49,posture,right_ankle_pitch_joint,-0.158873,0.000000,0.817947,,
perstep,49,posture,right_ankle_roll_joint,0.008500,0.000000,0.967532,,
perstep,49,posture,waist_yaw_joint,-0.079536,0.000000,0.969620,,
perstep,49,posture,waist_roll_joint,-0.044325,0.000000,0.914760,,
perstep,49,posture,waist_pitch_joint,0.078600,0.000000,0.848846,,
perstep,49,posture,left_shoulder_pitch_joint,0.117211,0.200000,0.974830,,
perstep,49,posture,left_shoulder_roll_joint,-0.033411,0.200000,0.886224,,
perstep,49,posture,left_shoulder_yaw_joint,0.199450,0.000000,0.923816,,
perstep,49,posture,left_elbow_joint,0.277515,1.280000,0.569231,,
perstep,49,posture,left_wrist_roll_joint,-0.532511,0.000000,0.729994,,
perstep,49,posture,left_wrist_pitch_joint,0.028253,0.000000,0.982500,,
perstep,49,posture,left_wrist_yaw_joint,0.047682,0.000000,0.970465,,
perstep,49,posture,right_shoulder_pitch_joint,-0.362741,0.200000,0.828913,,
perstep,49,posture,right_shoulder_roll_joint,0.114747,-0.200000,0.846577,,
perstep,49,posture,right_shoulder_yaw_joint,-0.313330,0.000000,0.880317,,
perstep,49,posture,right_elbow_joint,0.242462,1.280000,0.554169,,
perstep,49,posture,right_wrist_roll_joint,-0.054464,0.000000,0.972384,,
perstep,49,posture,right_wrist_pitch_joint,0.132109,0.000000,0.918170,,
perstep,49,posture,right_wrist_yaw_joint,-0.352898,0.000000,0.781410,,
perstep,50,orientation,orientation_rz,0.976337,1.000000,1.000000,,
perstep,50,height,torso_height,0.933462,0.900000,0.962820,,
perstep,50,posture,left_hip_pitch_joint,0.400548,0.000000,0.860911,,
perstep,50,posture,left_hip_roll_joint,0.043588,0.000000,0.985310,,
perstep,50,posture,left_hip_yaw_joint,-0.357880,0.000000,0.870220,,
perstep,50,posture,left_knee_joint,0.503896,0.000000,0.825024,,
perstep,50,posture,left_ankle_pitch_joint,-0.057390,0.000000,0.934236,,
perstep,50,posture,left_ankle_roll_joint,-0.000080,0.000000,0.999696,,
perstep,50,posture,right_hip_pitch_joint,-0.297524,0.000000,0.896686,,
perstep,50,posture,right_hip_roll_joint,-0.064644,0.000000,0.978213,,
perstep,50,posture,right_hip_yaw_joint,-0.120016,0.000000,0.956478,,
perstep,50,posture,right_knee_joint,0.113348,0.000000,0.960640,,
perstep,50,posture,right_ankle_pitch_joint,-0.199835,0.000000,0.771007,,
perstep,50,posture,right_ankle_roll_joint,0.007718,0.000000,0.970518,,
perstep,50,posture,waist_yaw_joint,-0.094431,0.000000,0.963930,,
perstep,50,posture,waist_roll_joint,-0.058975,0.000000,0.886587,,
perstep,50,posture,waist_pitch_joint,0.072017,0.000000,0.861506,,
perstep,50,posture,left_shoulder_pitch_joint,0.124008,0.200000,0.976896,,
perstep,50,posture,left_shoulder_roll_joint,-0.032255,0.200000,0.886788,,
perstep,50,posture,left_shoulder_yaw_joint,0.227841,0.000000,0.912971,,
perstep,50,posture,left_elbow_joint,0.269961,1.280000,0.565985,,
perstep,50,posture,left_wrist_roll_joint,-0.559840,0.000000,0.716137,,
perstep,50,posture,left_wrist_pitch_joint,0.025873,0.000000,0.983974,,
perstep,50,posture,left_wrist_yaw_joint,0.049710,0.000000,0.969209,,
perstep,50,posture,right_shoulder_pitch_joint,-0.361676,0.200000,0.829236,,
perstep,50,posture,right_shoulder_roll_joint,0.105899,-0.200000,0.850890,,
perstep,50,posture,right_shoulder_yaw_joint,-0.324808,0.000000,0.875933,,
perstep,50,posture,right_elbow_joint,0.225979,1.280000,0.547086,,
perstep,50,posture,right_wrist_roll_joint,-0.063083,0.000000,0.968014,,
perstep,50,posture,right_wrist_pitch_joint,0.135311,0.000000,0.916187,,
perstep,50,posture,right_wrist_yaw_joint,-0.365782,0.000000,0.773430,,
perstep,51,orientation,orientation_rz,0.978891,1.000000,1.000000,,
perstep,51,height,torso_height,0.926859,0.900000,0.970156,,
perstep,51,posture,left_hip_pitch_joint,0.413564,0.000000,0.856391,,
perstep,51,posture,left_hip_roll_joint,0.047002,0.000000,0.984159,,
perstep,51,posture,left_hip_yaw_joint,-0.369690,0.000000,0.865938,,
perstep,51,posture,left_knee_joint,0.509290,0.000000,0.823151,,
perstep,51,posture,left_ankle_pitch_joint,-0.032621,0.000000,0.962619,,
perstep,51,posture,left_ankle_roll_joint,-0.000373,0.000000,0.998576,,
perstep,51,posture,right_hip_pitch_joint,-0.287241,0.000000,0.900257,,
perstep,51,posture,right_hip_roll_joint,-0.024742,0.000000,0.991661,,
perstep,51,posture,right_hip_yaw_joint,-0.187878,0.000000,0.931869,,
perstep,51,posture,right_knee_joint,0.098740,0.000000,0.965713,,
perstep,51,posture,right_ankle_pitch_joint,-0.229489,0.000000,0.737027,,
perstep,51,posture,right_ankle_roll_joint,0.012197,0.000000,0.953413,,
perstep,51,posture,waist_yaw_joint,-0.119556,0.000000,0.954333,,
perstep,51,posture,waist_roll_joint,-0.072422,0.000000,0.860728,,
perstep,51,posture,waist_pitch_joint,0.067612,0.000000,0.869976,,
perstep,51,posture,left_shoulder_pitch_joint,0.139363,0.200000,0.981565,,
perstep,51,posture,left_shoulder_roll_joint,-0.030371,0.200000,0.887706,,
perstep,51,posture,left_shoulder_yaw_joint,0.254870,0.000000,0.902647,,
perstep,51,posture,left_elbow_joint,0.252374,1.280000,0.558428,,
perstep,51,posture,left_wrist_roll_joint,-0.589932,0.000000,0.700879,,
perstep,51,posture,left_wrist_pitch_joint,0.022057,0.000000,0.986338,,
perstep,51,posture,left_wrist_yaw_joint,0.049719,0.000000,0.969203,,
perstep,51,posture,right_shoulder_pitch_joint,-0.368160,0.200000,0.827265,,
perstep,51,posture,right_shoulder_roll_joint,0.087282,-0.200000,0.859965,,
perstep,51,posture,right_shoulder_yaw_joint,-0.333347,0.000000,0.872671,,
perstep,51,posture,right_elbow_joint,0.214012,1.280000,0.541944,,
perstep,51,posture,right_wrist_roll_joint,-0.079485,0.000000,0.959698,,
perstep,51,posture,right_wrist_pitch_joint,0.140793,0.000000,0.912791,,
perstep,51,posture,right_wrist_yaw_joint,-0.376716,0.000000,0.766657,,
perstep,52,orientation,orientation_rz,0.980903,1.000000,1.000000,,
perstep,52,height,torso_height,0.918044,0.900000,0.979951,,
perstep,52,posture,left_hip_pitch_joint,0.407328,0.000000,0.858557,,
perstep,52,posture,left_hip_roll_joint,0.073863,0.000000,0.975106,,
perstep,52,posture,left_hip_yaw_joint,-0.375149,0.000000,0.863958,,
perstep,52,posture,left_knee_joint,0.503770,0.000000,0.825068,,
perstep,52,posture,left_ankle_pitch_joint,0.005335,0.000000,0.993887,,
perstep,52,posture,left_ankle_roll_joint,0.009981,0.000000,0.961874,,
perstep,52,posture,right_hip_pitch_joint,-0.278623,0.000000,0.903249,,
perstep,52,posture,right_hip_roll_joint,0.030452,0.000000,0.989737,,
perstep,52,posture,right_hip_yaw_joint,-0.253510,0.000000,0.908069,,
perstep,52,posture,right_knee_joint,0.088319,0.000000,0.969332,,
perstep,52,posture,right_ankle_pitch_joint,-0.239824,0.000000,0.725183,,
perstep,52,posture,right_ankle_roll_joint,0.000018,0.000000,0.999930,,
perstep,52,posture,waist_yaw_joint,-0.143859,0.000000,0.945050,,
perstep,52,posture,waist_roll_joint,-0.084091,0.000000,0.838287,,
perstep,52,posture,waist_pitch_joint,0.062994,0.000000,0.878858,,
perstep,52,posture,left_shoulder_pitch_joint,0.163013,0.200000,0.988755,,
perstep,52,posture,left_shoulder_roll_joint,-0.023422,0.200000,0.891093,,
perstep,52,posture,left_shoulder_yaw_joint,0.283652,0.000000,0.891653,,
perstep,52,posture,left_elbow_joint,0.224751,1.280000,0.546559,,
perstep,52,posture,left_wrist_roll_joint,-0.614860,0.000000,0.688240,,
perstep,52,posture,left_wrist_pitch_joint,0.020329,0.000000,0.987408,,
perstep,52,posture,left_wrist_yaw_joint,0.047668,0.000000,0.970474,,
perstep,52,posture,right_shoulder_pitch_joint,-0.382092,0.200000,0.823029,,
perstep,52,posture,right_shoulder_roll_joint,0.059158,-0.200000,0.873674,,
perstep,52,posture,right_shoulder_yaw_joint,-0.347182,0.000000,0.867386,,
perstep,52,posture,right_elbow_joint,0.207727,1.280000,0.539243,,
perstep,52,posture,right_wrist_roll_joint,-0.105102,0.000000,0.946709,,
perstep,52,posture,right_wrist_pitch_joint,0.148520,0.000000,0.908005,,
perstep,52,posture,right_wrist_yaw_joint,-0.385691,0.000000,0.761098,,
perstep,53,orientation,orientation_rz,0.981083,1.000000,1.000000,,
perstep,53,height,torso_height,0.906518,0.900000,0.992758,,
perstep,53,posture,left_hip_pitch_joint,0.408814,0.000000,0.858041,,
perstep,53,posture,left_hip_roll_joint,0.096536,0.000000,0.967465,,
perstep,53,posture,left_hip_yaw_joint,-0.382290,0.000000,0.861369,,
perstep,53,posture,left_knee_joint,0.510444,0.000000,0.822750,,
perstep,53,posture,left_ankle_pitch_joint,0.004471,0.000000,0.994877,,
perstep,53,posture,left_ankle_roll_joint,-0.004722,0.000000,0.981962,,
perstep,53,posture,right_hip_pitch_joint,-0.266799,0.000000,0.907355,,
perstep,53,posture,right_hip_roll_joint,0.071939,0.000000,0.975754,,
perstep,53,posture,right_hip_yaw_joint,-0.310258,0.000000,0.887490,,
perstep,53,posture,right_knee_joint,0.093287,0.000000,0.967606,,
perstep,53,posture,right_ankle_pitch_joint,-0.230607,0.000000,0.735746,,
perstep,53,posture,right_ankle_roll_joint,-0.010229,0.000000,0.960927,,
perstep,53,posture,waist_yaw_joint,-0.165258,0.000000,0.936876,,
perstep,53,posture,waist_roll_joint,-0.110991,0.000000,0.786555,,
perstep,53,posture,waist_pitch_joint,0.053316,0.000000,0.897469,,
perstep,53,posture,left_shoulder_pitch_joint,0.197186,0.200000,0.999145,,
perstep,53,posture,left_shoulder_roll_joint,-0.015086,0.200000,0.895157,,
perstep,53,posture,left_shoulder_yaw_joint,0.312655,0.000000,0.880575,,
perstep,53,posture,left_elbow_joint,0.199218,1.280000,0.535587,,
perstep,53,posture,left_wrist_roll_joint,-0.629685,0.000000,0.680723,,
perstep,53,posture,left_wrist_pitch_joint,0.020865,0.000000,0.987076,,
perstep,53,posture,left_wrist_yaw_joint,0.043979,0.000000,0.972759,,
perstep,53,posture,right_shoulder_pitch_joint,-0.400600,0.200000,0.817402,,
perstep,53,posture,right_shoulder_roll_joint,0.038291,-0.200000,0.883845,,
perstep,53,posture,right_shoulder_yaw_joint,-0.356849,0.000000,0.863694,,
perstep,53,posture,right_elbow_joint,0.207285,1.280000,0.539053,,
perstep,53,posture,right_wrist_roll_joint,-0.122433,0.000000,0.937921,,
perstep,53,posture,right_wrist_pitch_joint,0.158706,0.000000,0.901695,,
perstep,53,posture,right_wrist_yaw_joint,-0.392522,0.000000,0.756866,,
perstep,54,orientation,orientation_rz,0.980472,1.000000,1.000000,,
perstep,54,height,torso_height,0.908706,0.900000,0.990327,,
perstep,54,posture,left_hip_pitch_joint,0.397961,0.000000,0.861809,,
perstep,54,posture,left_hip_roll_joint,0.117249,0.000000,0.960484,,
perstep,54,posture,left_hip_yaw_joint,-0.393320,0.000000,0.857369,,
perstep,54,posture,left_knee_joint,0.496601,0.000000,0.827557,,
perstep,54,posture,left_ankle_pitch_joint,0.003566,0.000000,0.995914,,
perstep,54,posture,left_ankle_roll_joint,-0.014988,0.000000,0.942750,,
perstep,54,posture,right_hip_pitch_joint,-0.263531,0.000000,0.908490,,
perstep,54,posture,right_hip_roll_joint,0.107608,0.000000,0.963733,,
perstep,54,posture,right_hip_yaw_joint,-0.363891,0.000000,0.868041,,
perstep,54,posture,right_knee_joint,0.116836,0.000000,0.959429,,
perstep,54,posture,right_ankle_pitch_joint,-0.202485,0.000000,0.767971,,
perstep,54,posture,right_ankle_roll_joint,-0.014002,0.000000,0.946515,,
perstep,54,posture,waist_yaw_joint,-0.197085,0.000000,0.924719,,
perstep,54,posture,waist_roll_joint,-0.133428,0.000000,0.743407,,
perstep,54,posture,waist_pitch_joint,0.049559,0.000000,0.904694,,
perstep,54,posture,left_shoulder_pitch_joint,0.229390,0.200000,0.991065,,
perstep,54,posture,left_shoulder_roll_joint,-0.007281,0.200000,0.898961,,
perstep,54,posture,left_shoulder_yaw_joint,0.345541,0.000000,0.868013,,
perstep,54,posture,left_elbow_joint,0.180961,1.280000,0.527742,,
perstep,54,posture,left_wrist_roll_joint,-0.634482,0.000000,0.678290,,
perstep,54,posture,left_wrist_pitch_joint,0.023473,0.000000,0.985460,,
perstep,54,posture,left_wrist_yaw_joint,0.038395,0.000000,0.976218,,
perstep,54,posture,right_shoulder_pitch_joint,-0.427976,0.200000,0.809080,,
perstep,54,posture,right_shoulder_roll_joint,0.025586,-0.200000,0.890039,,
perstep,54,posture,right_shoulder_yaw_joint,-0.365274,0.000000,0.860476,,
perstep,54,posture,right_elbow_joint,0.208801,1.280000,0.539705,,
perstep,54,posture,right_wrist_roll_joint,-0.143478,0.000000,0.927251,,
perstep,54,posture,right_wrist_pitch_joint,0.170922,0.000000,0.894129,,
perstep,54,posture,right_wrist_yaw_joint,-0.397319,0.000000,0.753895,,
perstep,55,orientation,orientation_rz,0.982270,1.000000,1.000000,,
perstep,55,height,torso_height,0.914365,0.900000,0.984038,,
perstep,55,posture,left_hip_pitch_joint,0.376815,0.000000,0.869153,,
perstep,55,posture,left_hip_roll_joint,0.129300,0.000000,0.956422,,
perstep,55,posture,left_hip_yaw_joint,-0.406004,0.000000,0.852769,,
perstep,55,posture,left_knee_joint,0.459970,0.000000,0.840277,,
perstep,55,posture,left_ankle_pitch_joint,0.012596,0.000000,0.985566,,
perstep,55,posture,left_ankle_roll_joint,-0.014295,0.000000,0.945396,,
perstep,55,posture,right_hip_pitch_joint,-0.271064,0.000000,0.905874,,
perstep,55,posture,right_hip_roll_joint,0.137203,0.000000,0.953759,,
perstep,55,posture,right_hip_yaw_joint,-0.404760,0.000000,0.853220,,
perstep,55,posture,right_knee_joint,0.159696,0.000000,0.944546,,
perstep,55,posture,right_ankle_pitch_joint,-0.166390,0.000000,0.809332,,
perstep,55,posture,right_ankle_roll_joint,-0.010072,0.000000,0.961530,,
perstep,55,posture,waist_yaw_joint,-0.238955,0.000000,0.908726,,
perstep,55,posture,waist_roll_joint,-0.146361,0.000000,0.718537,,
perstep,55,posture,waist_pitch_joint,0.047296,0.000000,0.909047,,
perstep,55,posture,left_shoulder_pitch_joint,0.255263,0.200000,0.983199,,
perstep,55,posture,left_shoulder_roll_joint,-0.000523,0.200000,0.902255,,
perstep,55,posture,left_shoulder_yaw_joint,0.385930,0.000000,0.852586,,
perstep,55,posture,left_elbow_joint,0.172122,1.280000,0.523944,,
perstep,55,posture,left_wrist_roll_joint,-0.629273,0.000000,0.680931,,
perstep,55,posture,left_wrist_pitch_joint,0.028204,0.000000,0.982530,,
perstep,55,posture,left_wrist_yaw_joint,0.030835,0.000000,0.980901,,
perstep,55,posture,right_shoulder_pitch_joint,-0.464116,0.200000,0.798092,,
perstep,55,posture,right_shoulder_roll_joint,0.021431,-0.200000,0.892064,,
perstep,55,posture,right_shoulder_yaw_joint,-0.376063,0.000000,0.856355,,
perstep,55,posture,right_elbow_joint,0.212674,1.280000,0.541369,,
perstep,55,posture,right_wrist_roll_joint,-0.172206,0.000000,0.912684,,
perstep,55,posture,right_wrist_pitch_joint,0.185077,0.000000,0.885361,,
perstep,55,posture,right_wrist_yaw_joint,-0.400156,0.000000,0.752138,,
perstep,56,orientation,orientation_rz,0.986574,1.000000,1.000000,,
perstep,56,height,torso_height,0.921749,0.900000,0.975834,,
perstep,56,posture,left_hip_pitch_joint,0.341700,0.000000,0.881346,,
perstep,56,posture,left_hip_roll_joint,0.148392,0.000000,0.949988,,
perstep,56,posture,left_hip_yaw_joint,-0.424119,0.000000,0.846200,,
perstep,56,posture,left_knee_joint,0.420360,0.000000,0.854031,,
perstep,56,posture,left_ankle_pitch_joint,0.039776,0.000000,0.954421,,
perstep,56,posture,left_ankle_roll_joint,-0.011868,0.000000,0.954669,,
perstep,56,posture,right_hip_pitch_joint,-0.278484,0.000000,0.903297,,
perstep,56,posture,right_hip_roll_joint,0.162204,0.000000,0.945333,,
perstep,56,posture,right_hip_yaw_joint,-0.413133,0.000000,0.850184,,
perstep,56,posture,right_knee_joint,0.206979,0.000000,0.928127,,
perstep,56,posture,right_ankle_pitch_joint,-0.150338,0.000000,0.827727,,
perstep,56,posture,right_ankle_roll_joint,-0.006951,0.000000,0.973448,,
perstep,56,posture,waist_yaw_joint,-0.275947,0.000000,0.894596,,
perstep,56,posture,waist_roll_joint,-0.148773,0.000000,0.713897,,
perstep,56,posture,waist_pitch_joint,0.053955,0.000000,0.896240,,
perstep,56,posture,left_shoulder_pitch_joint,0.270409,0.200000,0.978594,,
perstep,56,posture,left_shoulder_roll_joint,0.007170,0.200000,0.906006,,
perstep,56,posture,left_shoulder_yaw_joint,0.425576,0.000000,0.837442,,
perstep,56,posture,left_elbow_joint,0.173541,1.280000,0.524553,,
perstep,56,posture,left_wrist_roll_joint,-0.614074,0.000000,0.688638,,
perstep,56,posture,left_wrist_pitch_joint,0.035053,0.000000,0.978288,,
perstep,56,posture,left_wrist_yaw_joint,0.021207,0.000000,0.986864,,
perstep,56,posture,right_shoulder_pitch_joint,-0.498317,0.200000,0.787694,,
perstep,56,posture,right_shoulder_roll_joint,0.017316,-0.200000,0.894070,,
perstep,56,posture,right_shoulder_yaw_joint,-0.387221,0.000000,0.852093,,
perstep,56,posture,right_elbow_joint,0.218651,1.280000,0.543937,,
perstep,56,posture,right_wrist_roll_joint,-0.200259,0.000000,0.898460,,
perstep,56,posture,right_wrist_pitch_joint,0.201019,0.000000,0.875486,,
perstep,56,posture,right_wrist_yaw_joint,-0.401131,0.000000,0.751534,,
perstep,57,orientation,orientation_rz,0.992040,1.000000,1.000000,,
perstep,57,height,torso_height,0.928323,0.900000,0.968530,,
perstep,57,posture,left_hip_pitch_joint,0.300327,0.000000,0.895713,,
perstep,57,posture,left_hip_roll_joint,0.168559,0.000000,0.943191,,
perstep,57,posture,left_hip_yaw_joint,-0.450720,0.000000,0.836553,,
perstep,57,posture,left_knee_joint,0.383360,0.000000,0.866880,,
perstep,57,posture,left_ankle_pitch_joint,0.074327,0.000000,0.914828,,
perstep,57,posture,left_ankle_roll_joint,-0.012804,0.000000,0.951092,,
perstep,57,posture,right_hip_pitch_joint,-0.272631,0.000000,0.905330,,
perstep,57,posture,right_hip_roll_joint,0.180734,0.000000,0.939087,,
perstep,57,posture,right_hip_yaw_joint,-0.407561,0.000000,0.852204,,
perstep,57,posture,right_knee_joint,0.261857,0.000000,0.909071,,
perstep,57,posture,right_ankle_pitch_joint,-0.149049,0.000000,0.829203,,
perstep,57,posture,right_ankle_roll_joint,-0.011599,0.000000,0.955696,,
perstep,57,posture,waist_yaw_joint,-0.304644,0.000000,0.883635,,
perstep,57,posture,waist_roll_joint,-0.143116,0.000000,0.724777,,
perstep,57,posture,waist_pitch_joint,0.071495,0.000000,0.862511,,
perstep,57,posture,left_shoulder_pitch_joint,0.274907,0.200000,0.977226,,
perstep,57,posture,left_shoulder_roll_joint,0.009427,0.200000,0.907105,,
perstep,57,posture,left_shoulder_yaw_joint,0.460925,0.000000,0.823940,,
perstep,57,posture,left_elbow_joint,0.181353,1.280000,0.527910,,
perstep,57,posture,left_wrist_roll_joint,-0.588878,0.000000,0.701414,,
perstep,57,posture,left_wrist_pitch_joint,0.043986,0.000000,0.972754,,
perstep,57,posture,left_wrist_yaw_joint,0.009552,0.000000,0.994083,,
perstep,57,posture,right_shoulder_pitch_joint,-0.523040,0.200000,0.780177,,
perstep,57,posture,right_shoulder_roll_joint,0.005883,-0.200000,0.899643,,
perstep,57,posture,right_shoulder_yaw_joint,-0.389100,0.000000,0.851375,,
perstep,57,posture,right_elbow_joint,0.231833,1.280000,0.549602,,
perstep,57,posture,right_wrist_roll_joint,-0.218408,0.000000,0.889258,,
perstep,57,posture,right_wrist_pitch_joint,0.218731,0.000000,0.864515,,
perstep,57,posture,right_wrist_yaw_joint,-0.400235,0.000000,0.752089,,
perstep,58,orientation,orientation_rz,0.996216,1.000000,1.000000,,
perstep,58,height,torso_height,0.932241,0.900000,0.964177,,
perstep,58,posture,left_hip_pitch_joint,0.263285,0.000000,0.908575,,
perstep,58,posture,left_hip_roll_joint,0.179527,0.000000,0.939494,,
perstep,58,posture,left_hip_yaw_joint,-0.481978,0.000000,0.825218,,
perstep,58,posture,left_knee_joint,0.367931,0.000000,0.872237,,
perstep,58,posture,left_ankle_pitch_joint,0.094154,0.000000,0.892108,,
perstep,58,posture,left_ankle_roll_joint,-0.012664,0.000000,0.951628,,
perstep,58,posture,right_hip_pitch_joint,-0.252640,0.000000,0.912272,,
perstep,58,posture,right_hip_roll_joint,0.200937,0.000000,0.932278,,
perstep,58,posture,right_hip_yaw_joint,-0.388016,0.000000,0.859292,,
perstep,58,posture,right_knee_joint,0.313456,0.000000,0.891154,,
perstep,58,posture,right_ankle_pitch_joint,-0.165766,0.000000,0.810047,,
perstep,58,posture,right_ankle_roll_joint,-0.013720,0.000000,0.947592,,
perstep,58,posture,waist_yaw_joint,-0.323224,0.000000,0.876538,,
perstep,58,posture,waist_roll_joint,-0.132329,0.000000,0.745521,,
perstep,58,posture,waist_pitch_joint,0.088185,0.000000,0.830413,,
perstep,58,posture,left_shoulder_pitch_joint,0.270878,0.200000,0.978451,,
perstep,58,posture,left_shoulder_roll_joint,0.013131,0.200000,0.908911,,
perstep,58,posture,left_shoulder_yaw_joint,0.486374,0.000000,0.814219,,
perstep,58,posture,left_elbow_joint,0.180825,1.280000,0.527684,,
perstep,58,posture,left_wrist_roll_joint,-0.565899,0.000000,0.713065,,
perstep,58,posture,left_wrist_pitch_joint,0.055148,0.000000,0.965841,,
perstep,58,posture,left_wrist_yaw_joint,-0.004013,0.000000,0.997514,,
perstep,58,posture,right_shoulder_pitch_joint,-0.538480,0.200000,0.775484,,
perstep,58,posture,right_shoulder_roll_joint,-0.010319,-0.200000,0.907541,,
perstep,58,posture,right_shoulder_yaw_joint,-0.386052,0.000000,0.852539,,
perstep,58,posture,right_elbow_joint,0.248397,1.280000,0.556719,,
perstep,58,posture,right_wrist_roll_joint,-0.226597,0.000000,0.885105,,
perstep,58,posture,right_wrist_pitch_joint,0.238330,0.000000,0.852375,,
perstep,58,posture,right_wrist_yaw_joint,-0.397378,0.000000,0.753859,,
perstep,59,orientation,orientation_rz,0.998002,1.000000,1.000000,,
perstep,59,height,torso_height,0.932455,0.900000,0.963938,,
perstep,59,posture,left_hip_pitch_joint,0.245991,0.000000,0.914581,,
perstep,59,posture,left_hip_roll_joint,0.175914,0.000000,0.940712,,
perstep,59,posture,left_hip_yaw_joint,-0.523817,0.000000,0.810046,,
perstep,59,posture,left_knee_joint,0.367671,0.000000,0.872327,,
perstep,59,posture,left_ankle_pitch_joint,0.093952,0.000000,0.892340,,
perstep,59,posture,left_ankle_roll_joint,-0.003490,0.000000,0.986670,,
perstep,59,posture,right_hip_pitch_joint,-0.224194,0.000000,0.922149,,
perstep,59,posture,right_hip_roll_joint,0.211759,0.000000,0.928631,,
perstep,59,posture,right_hip_yaw_joint,-0.345666,0.000000,0.874650,,
perstep,59,posture,right_knee_joint,0.368434,0.000000,0.872063,,
perstep,59,posture,right_ankle_pitch_joint,-0.200220,0.000000,0.770566,,
perstep,59,posture,right_ankle_roll_joint,-0.021119,0.000000,0.919332,,
perstep,59,posture,waist_yaw_joint,-0.336039,0.000000,0.871643,,
perstep,59,posture,waist_roll_joint,-0.122612,0.000000,0.764207,,
perstep,59,posture,waist_pitch_joint,0.104546,0.000000,0.798950,,
perstep,59,posture,left_shoulder_pitch_joint,0.258992,0.200000,0.982065,,
perstep,59,posture,left_shoulder_roll_joint,0.025591,0.200000,0.914984,,
perstep,59,posture,left_shoulder_yaw_joint,0.501901,0.000000,0.808288,,
perstep,59,posture,left_elbow_joint,0.171544,1.280000,0.523696,,
perstep,59,posture,left_wrist_roll_joint,-0.546860,0.000000,0.722719,,
perstep,59,posture,left_wrist_pitch_joint,0.068581,0.000000,0.957520,,
perstep,59,posture,left_wrist_yaw_joint,-0.019470,0.000000,0.987940,,
perstep,59,posture,right_shoulder_pitch_joint,-0.545113,0.200000,0.773467,,
perstep,59,posture,right_shoulder_roll_joint,-0.035324,-0.200000,0.919729,,
perstep,59,posture,right_shoulder_yaw_joint,-0.388091,0.000000,0.851761,,
perstep,59,posture,right_elbow_joint,0.255101,1.280000,0.559600,,
perstep,59,posture,right_wrist_roll_joint,-0.242911,0.000000,0.876834,,
perstep,59,posture,right_wrist_pitch_joint,0.259934,0.000000,0.838993,,
perstep,59,posture,right_wrist_yaw_joint,-0.392419,0.000000,0.756930,,
perstep,60,orientation,orientation_rz,0.997658,1.000000,1.000000,,
perstep,60,height,torso_height,0.928366,0.900000,0.968482,,
perstep,60,posture,left_hip_pitch_joint,0.237322,0.000000,0.917591,,
perstep,60,posture,left_hip_roll_joint,0.168473,0.000000,0.943220,,
perstep,60,posture,left_hip_yaw_joint,-0.569992,0.000000,0.793301,,
perstep,60,posture,left_knee_joint,0.381051,0.000000,0.867681,,
perstep,60,posture,left_ankle_pitch_joint,0.078218,0.000000,0.910370,,
perstep,60,posture,left_ankle_roll_joint,-0.001367,0.000000,0.994779,,
perstep,60,posture,right_hip_pitch_joint,-0.188158,0.000000,0.934663,,
perstep,60,posture,right_hip_roll_joint,0.216246,0.000000,0.927119,,
perstep,60,posture,right_hip_yaw_joint,-0.296233,0.000000,0.892576,,
perstep,60,posture,right_knee_joint,0.411345,0.000000,0.857162,,
perstep,60,posture,right_ankle_pitch_joint,-0.250547,0.000000,0.712896,,
perstep,60,posture,right_ankle_roll_joint,-0.030709,0.000000,0.882699,,
perstep,60,posture,waist_yaw_joint,-0.341851,0.000000,0.869423,,
perstep,60,posture,waist_roll_joint,-0.117184,0.000000,0.774646,,
perstep,60,posture,waist_pitch_joint,0.114003,0.000000,0.780763,,
perstep,60,posture,left_shoulder_pitch_joint,0.238668,0.200000,0.988244,,
perstep,60,posture,left_shoulder_roll_joint,0.038803,0.200000,0.921425,,
perstep,60,posture,left_shoulder_yaw_joint,0.508136,0.000000,0.805907,,
perstep,60,posture,left_elbow_joint,0.171367,1.280000,0.523619,,
perstep,60,posture,left_wrist_roll_joint,-0.537803,0.000000,0.727311,,
perstep,60,posture,left_wrist_pitch_joint,0.083991,0.000000,0.947975,,
perstep,60,posture,left_wrist_yaw_joint,-0.036838,0.000000,0.977182,,
perstep,60,posture,right_shoulder_pitch_joint,-0.542028,0.200000,0.774405,,
perstep,60,posture,right_shoulder_roll_joint,-0.062339,-0.200000,0.932897,,
perstep,60,posture,right_shoulder_yaw_joint,-0.394945,0.000000,0.849143,,
perstep,60,posture,right_elbow_joint,0.252134,1.280000,0.558325,,
perstep,60,posture,right_wrist_roll_joint,-0.258496,0.000000,0.868932,,
perstep,60,posture,right_wrist_pitch_joint,0.283600,0.000000,0.824334,,
perstep,60,posture,right_wrist_yaw_joint,-0.385408,0.000000,0.761273,,
perstep,61,orientation,orientation_rz,0.996028,1.000000,1.000000,,
perstep,61,height,torso_height,0.920147,0.900000,0.977614,,
perstep,61,posture,left_hip_pitch_joint,0.246068,0.000000,0.914554,,
perstep,61,posture,left_hip_roll_joint,0.155050,0.000000,0.947743,,
perstep,61,posture,left_hip_yaw_joint,-0.610307,0.000000,0.778682,,
perstep,61,posture,left_knee_joint,0.401649,0.000000,0.860529,,
perstep,61,posture,left_ankle_pitch_joint,0.046429,0.000000,0.946797,,
perstep,61,posture,left_ankle_roll_joint,0.010185,0.000000,0.961095,,
perstep,61,posture,right_hip_pitch_joint,-0.147675,0.000000,0.948720,,
perstep,61,posture,right_hip_roll_joint,0.213799,0.000000,0.927943,,
perstep,61,posture,right_hip_yaw_joint,-0.251402,0.000000,0.908833,,
perstep,61,posture,right_knee_joint,0.429510,0.000000,0.850854,,
perstep,61,posture,right_ankle_pitch_joint,-0.318731,0.000000,0.634764,,
perstep,61,posture,right_ankle_roll_joint,-0.039902,0.000000,0.847585,,
perstep,61,posture,waist_yaw_joint,-0.342085,0.000000,0.869333,,
perstep,61,posture,waist_roll_joint,-0.125576,0.000000,0.758508,,
perstep,61,posture,waist_pitch_joint,0.127596,0.000000,0.754624,,
perstep,61,posture,left_shoulder_pitch_joint,0.210168,0.200000,0.996909,,
perstep,61,posture,left_shoulder_roll_joint,0.060187,0.200000,0.931848,,
perstep,61,posture,left_shoulder_yaw_joint,0.511961,0.000000,0.804446,,
perstep,61,posture,left_elbow_joint,0.169396,1.280000,0.522772,,
perstep,61,posture,left_wrist_roll_joint,-0.538728,0.000000,0.726842,,
perstep,61,posture,left_wrist_pitch_joint,0.101460,0.000000,0.937154,,
perstep,61,posture,left_wrist_yaw_joint,-0.052127,0.000000,0.967712,,
perstep,61,posture,right_shoulder_pitch_joint,-0.530005,0.200000,0.778060,,
perstep,61,posture,right_shoulder_roll_joint,-0.087894,-0.200000,0.945354,,
perstep,61,posture,right_shoulder_yaw_joint,-0.406474,0.000000,0.844739,,
perstep,61,posture,right_elbow_joint,0.239424,1.280000,0.552864,,
perstep,61,posture,right_wrist_roll_joint,-0.272523,0.000000,0.861819,,
perstep,61,posture,right_wrist_pitch_joint,0.305278,0.000000,0.810906,,
perstep,61,posture,right_wrist_yaw_joint,-0.379734,0.000000,0.764788,,
perstep,62,orientation,orientation_rz,0.993829,1.000000,1.000000,,
perstep,62,height,torso_height,0.908453,0.900000,0.990608,,
perstep,62,posture,left_hip_pitch_joint,0.273931,0.000000,0.904879,,
perstep,62,posture,left_hip_roll_joint,0.131002,0.000000,0.955848,,
perstep,62,posture,left_hip_yaw_joint,-0.640194,0.000000,0.767844,,
perstep,62,posture,left_knee_joint,0.434215,0.000000,0.849220,,
perstep,62,posture,left_ankle_pitch_joint,0.008945,0.000000,0.989750,,
perstep,62,posture,left_ankle_roll_joint,0.021935,0.000000,0.916216,,
perstep,62,posture,right_hip_pitch_joint,-0.142868,0.000000,0.950390,,
perstep,62,posture,right_hip_roll_joint,0.236671,0.000000,0.920235,,
perstep,62,posture,right_hip_yaw_joint,-0.242241,0.000000,0.912155,,
perstep,62,posture,right_knee_joint,0.428394,0.000000,0.851242,,
perstep,62,posture,right_ankle_pitch_joint,-0.367828,0.000000,0.578503,,
perstep,62,posture,right_ankle_roll_joint,-0.049230,0.000000,0.811956,,
perstep,62,posture,waist_yaw_joint,-0.325112,0.000000,0.875817,,
perstep,62,posture,waist_roll_joint,-0.139902,0.000000,0.730958,,
perstep,62,posture,waist_pitch_joint,0.144925,0.000000,0.721298,,
perstep,62,posture,left_shoulder_pitch_joint,0.175238,0.200000,0.992472,,
perstep,62,posture,left_shoulder_roll_joint,0.082684,0.200000,0.942815,,
perstep,62,posture,left_shoulder_yaw_joint,0.513707,0.000000,0.803779,,
perstep,62,posture,left_elbow_joint,0.166289,1.280000,0.521437,,
perstep,62,posture,left_wrist_roll_joint,-0.549578,0.000000,0.721341,,
perstep,62,posture,left_wrist_pitch_joint,0.121316,0.000000,0.924855,,
perstep,62,posture,left_wrist_yaw_joint,-0.065164,0.000000,0.959636,,
perstep,62,posture,right_shoulder_pitch_joint,-0.520512,0.200000,0.780946,,
perstep,62,posture,right_shoulder_roll_joint,-0.109797,-0.200000,0.956031,,
perstep,62,posture,right_shoulder_yaw_joint,-0.423528,0.000000,0.838225,,
perstep,62,posture,right_elbow_joint,0.220604,1.280000,0.544776,,
perstep,62,posture,right_wrist_roll_joint,-0.281973,0.000000,0.857028,,
perstep,62,posture,right_wrist_pitch_joint,0.325738,0.000000,0.798233,,
perstep,62,posture,right_wrist_yaw_joint,-0.375868,0.000000,0.767182,,
perstep,63,orientation,orientation_rz,0.992326,1.000000,1.000000,,
perstep,63,height,torso_height,0.906684,0.900000,0.992573,,
perstep,63,posture,left_hip_pitch_joint,0.309876,0.000000,0.892397,,
perstep,63,posture,left_hip_roll_joint,0.096512,0.000000,0.967473,,
perstep,63,posture,left_hip_yaw_joint,-0.655745,0.000000,0.762204,,
perstep,63,posture,left_knee_joint,0.474281,0.000000,0.835308,,
perstep,63,posture,left_ankle_pitch_joint,-0.028819,0.000000,0.966976,,
perstep,63,posture,left_ankle_roll_joint,0.030052,0.000000,0.885210,,
perstep,63,posture,right_hip_pitch_joint,-0.145969,0.000000,0.949313,,
perstep,63,posture,right_hip_roll_joint,0.257262,0.000000,0.913295,,
perstep,63,posture,right_hip_yaw_joint,-0.253766,0.000000,0.907976,,
perstep,63,posture,right_knee_joint,0.393925,0.000000,0.863211,,
perstep,63,posture,right_ankle_pitch_joint,-0.408697,0.000000,0.531670,,
perstep,63,posture,right_ankle_roll_joint,-0.051278,0.000000,0.804134,,
perstep,63,posture,waist_yaw_joint,-0.298944,0.000000,0.885812,,
perstep,63,posture,waist_roll_joint,-0.156371,0.000000,0.699286,,
perstep,63,posture,waist_pitch_joint,0.160009,0.000000,0.692291,,
perstep,63,posture,left_shoulder_pitch_joint,0.132888,0.200000,0.979596,,
perstep,63,posture,left_shoulder_roll_joint,0.109298,0.200000,0.955788,,
perstep,63,posture,left_shoulder_yaw_joint,0.512073,0.000000,0.804403,,
perstep,63,posture,left_elbow_joint,0.160828,1.280000,0.519091,,
perstep,63,posture,left_wrist_roll_joint,-0.570371,0.000000,0.710797,,
perstep,63,posture,left_wrist_pitch_joint,0.143562,0.000000,0.911076,,
perstep,63,posture,left_wrist_yaw_joint,-0.076035,0.000000,0.952903,,
perstep,63,posture,right_shoulder_pitch_joint,-0.513808,0.200000,0.782984,,
perstep,63,posture,right_shoulder_roll_joint,-0.133102,-0.200000,0.967391,,
perstep,63,posture,right_shoulder_yaw_joint,-0.446359,0.000000,0.829504,,
perstep,63,posture,right_elbow_joint,0.194247,1.280000,0.533451,,
perstep,63,posture,right_wrist_roll_joint,-0.290002,0.000000,0.852956,,
perstep,63,posture,right_wrist_pitch_joint,0.344722,0.000000,0.786474,,
perstep,63,posture,right_wrist_yaw_joint,-0.373892,0.000000,0.768406,,
perstep,64,orientation,orientation_rz,0.991029,1.000000,1.000000,,
perstep,64,height,torso_height,0.909114,0.900000,0.989873,,
perstep,64,posture,left_hip_pitch_joint,0.327701,0.000000,0.886207,,
perstep,64,posture,left_hip_roll_joint,0.068696,0.000000,0.976848,,
perstep,64,posture,left_hip_yaw_joint,-0.640245,0.000000,0.767825,,
perstep,64,posture,left_knee_joint,0.502138,0.000000,0.825634,,
perstep,64,posture,left_ankle_pitch_joint,-0.050664,0.000000,0.941944,,
perstep,64,posture,left_ankle_roll_joint,0.034764,0.000000,0.867212,,
perstep,64,posture,right_hip_pitch_joint,-0.121058,0.000000,0.957963,,
perstep,64,posture,right_hip_roll_joint,0.243890,0.000000,0.917802,,
perstep,64,posture,right_hip_yaw_joint,-0.257193,0.000000,0.906733,,
perstep,64,posture,right_knee_joint,0.337968,0.000000,0.882642,,
perstep,64,posture,right_ankle_pitch_joint,-0.452570,0.000000,0.481397,,
perstep,64,posture,right_ankle_roll_joint,-0.042767,0.000000,0.836642,,
perstep,64,posture,waist_yaw_joint,-0.276269,0.000000,0.894473,,
perstep,64,posture,waist_roll_joint,-0.163261,0.000000,0.686036,,
perstep,64,posture,waist_pitch_joint,0.165184,0.000000,0.682338,,
perstep,64,posture,left_shoulder_pitch_joint,0.081304,0.200000,0.963913,,
perstep,64,posture,left_shoulder_roll_joint,0.138572,0.200000,0.970057,,
perstep,64,posture,left_shoulder_yaw_joint,0.513554,0.000000,0.803837,,
perstep,64,posture,left_elbow_joint,0.147088,1.280000,0.513187,,
perstep,64,posture,left_wrist_roll_joint,-0.597512,0.000000,0.697036,,
perstep,64,posture,left_wrist_pitch_joint,0.168299,0.000000,0.895753,,
perstep,64,posture,left_wrist_yaw_joint,-0.084882,0.000000,0.947423,,
perstep,64,posture,right_shoulder_pitch_joint,-0.505483,0.200000,0.785515,,
perstep,64,posture,right_shoulder_roll_joint,-0.158759,-0.200000,0.979897,,
perstep,64,posture,right_shoulder_yaw_joint,-0.468600,0.000000,0.821008,,
perstep,64,posture,right_elbow_joint,0.157908,1.280000,0.517836,,
perstep,64,posture,right_wrist_roll_joint,-0.289237,0.000000,0.853344,,
perstep,64,posture,right_wrist_pitch_joint,0.361793,0.000000,0.775900,,
perstep,64,posture,right_wrist_yaw_joint,-0.374015,0.000000,0.768330,,
perstep,65,orientation,orientation_rz,0.988228,1.000000,1.000000,,
perstep,65,height,torso_height,0.908159,0.900000,0.990935,,
perstep,65,posture,left_hip_pitch_joint,0.344513,0.000000,0.880369,,
perstep,65,posture,left_hip_roll_joint,0.044412,0.000000,0.985032,,
perstep,65,posture,left_hip_yaw_joint,-0.620045,0.000000,0.775150,,
perstep,65,posture,left_knee_joint,0.524861,0.000000,0.817744,,
perstep,65,posture,left_ankle_pitch_joint,-0.061270,0.000000,0.929790,,
perstep,65,posture,left_ankle_roll_joint,0.030892,0.000000,0.882001,,
perstep,65,posture,right_hip_pitch_joint,-0.079973,0.000000,0.972230,,
perstep,65,posture,right_hip_roll_joint,0.233878,0.000000,0.921176,,
perstep,65,posture,right_hip_yaw_joint,-0.272206,0.000000,0.901289,,
perstep,65,posture,right_knee_joint,0.282859,0.000000,0.901778,,
perstep,65,posture,right_ankle_pitch_joint,-0.487253,0.000000,0.441653,,
perstep,65,posture,right_ankle_roll_joint,-0.035435,0.000000,0.864649,,
perstep,65,posture,waist_yaw_joint,-0.246994,0.000000,0.905655,,
perstep,65,posture,waist_roll_joint,-0.162765,0.000000,0.686990,,
perstep,65,posture,waist_pitch_joint,0.163812,0.000000,0.684977,,
perstep,65,posture,left_shoulder_pitch_joint,0.030150,0.200000,0.948361,,
perstep,65,posture,left_shoulder_roll_joint,0.169005,0.200000,0.984892,,
perstep,65,posture,left_shoulder_yaw_joint,0.513915,0.000000,0.803699,,
perstep,65,posture,left_elbow_joint,0.135252,1.280000,0.508101,,
perstep,65,posture,left_wrist_roll_joint,-0.631114,0.000000,0.679998,,
perstep,65,posture,left_wrist_pitch_joint,0.195196,0.000000,0.879093,,
perstep,65,posture,left_wrist_yaw_joint,-0.091687,0.000000,0.943208,,
perstep,65,posture,right_shoulder_pitch_joint,-0.490670,0.200000,0.790019,,
perstep,65,posture,right_shoulder_roll_joint,-0.175898,-0.200000,0.988252,,
perstep,65,posture,right_shoulder_yaw_joint,-0.487229,0.000000,0.813893,,
perstep,65,posture,right_elbow_joint,0.121284,1.280000,0.502099,,
perstep,65,posture,right_wrist_roll_joint,-0.285833,0.000000,0.855071,,
perstep,65,posture,right_wrist_pitch_joint,0.380788,0.000000,0.764135,,
perstep,65,posture,right_wrist_yaw_joint,-0.376212,0.000000,0.766969,,
perstep,66,orientation,orientation_rz,0.984300,1.000000,1.000000,,
perstep,66,height,torso_height,0.904606,0.900000,0.994882,,
perstep,66,posture,left_hip_pitch_joint,0.351327,0.000000,0.878003,,
perstep,66,posture,left_hip_roll_joint,0.021997,0.000000,0.992586,,
perstep,66,posture,left_hip_yaw_joint,-0.597575,0.000000,0.783299,,
perstep,66,posture,left_knee_joint,0.539147,0.000000,0.812783,,
perstep,66,posture,left_ankle_pitch_joint,-0.062599,0.000000,0.928267,,
perstep,66,posture,left_ankle_roll_joint,0.036669,0.000000,0.859934,,
perstep,66,posture,right_hip_pitch_joint,-0.041539,0.000000,0.985576,,
perstep,66,posture,right_hip_roll_joint,0.228696,0.000000,0.922923,,
perstep,66,posture,right_hip_yaw_joint,-0.299132,0.000000,0.891524,,
perstep,66,posture,right_knee_joint,0.234202,0.000000,0.918674,,
perstep,66,posture,right_ankle_pitch_joint,-0.500568,0.000000,0.426394,,
perstep,66,posture,right_ankle_roll_joint,-0.026399,0.000000,0.899163,,
perstep,66,posture,waist_yaw_joint,-0.215783,0.000000,0.917577,,
perstep,66,posture,waist_roll_joint,-0.165660,0.000000,0.681422,,
perstep,66,posture,waist_pitch_joint,0.158059,0.000000,0.696040,,
perstep,66,posture,left_shoulder_pitch_joint,-0.011737,0.200000,0.935627,,
perstep,66,posture,left_shoulder_roll_joint,0.204450,0.200000,0.997831,,
perstep,66,posture,left_shoulder_yaw_joint,0.506761,0.000000,0.806432,,
perstep,66,posture,left_elbow_joint,0.123465,1.280000,0.503036,,
perstep,66,posture,left_wrist_roll_joint,-0.665177,0.000000,0.662727,,
perstep,66,posture,left_wrist_pitch_joint,0.223966,0.000000,0.861272,,
perstep,66,posture,left_wrist_yaw_joint,-0.096471,0.000000,0.940245,,
perstep,66,posture,right_shoulder_pitch_joint,-0.472387,0.200000,0.795577,,
perstep,66,posture,right_shoulder_roll_joint,-0.184221,-0.200000,0.992309,,
perstep,66,posture,right_shoulder_yaw_joint,-0.501052,0.000000,0.808613,,
perstep,66,posture,right_elbow_joint,0.094287,1.280000,0.490498,,
perstep,66,posture,right_wrist_roll_joint,-0.272508,0.000000,0.861827,,
perstep,66,posture,right_wrist_pitch_joint,0.397687,0.000000,0.753667,,
perstep,66,posture,right_wrist_yaw_joint,-0.376485,0.000000,0.766800,,
perstep,67,orientation,orientation_rz,0.980347,1.000000,1.000000,,
perstep,67,height,torso_height,0.898128,0.900000,0.997920,,
perstep,67,posture,left_hip_pitch_joint,0.360229,0.000000,0.874912,,
perstep,67,posture,left_hip_roll_joint,0.022184,0.000000,0.992523,,
perstep,67,posture,left_hip_yaw_joint,-0.567621,0.000000,0.794161,,
perstep,67,posture,left_knee_joint,0.536069,0.000000,0.813852,,
perstep,67,posture,left_ankle_pitch_joint,-0.064413,0.000000,0.926188,,
perstep,67,posture,left_ankle_roll_joint,0.038791,0.000000,0.851828,,
perstep,67,posture,right_hip_pitch_joint,-0.005948,0.000000,0.997935,,
perstep,67,posture,right_hip_roll_joint,0.232044,0.000000,0.921794,,
perstep,67,posture,right_hip_yaw_joint,-0.336354,0.000000,0.878027,,
perstep,67,posture,right_knee_joint,0.202927,0.000000,0.929534,,
perstep,67,posture,right_ankle_pitch_joint,-0.494091,0.000000,0.433817,,
perstep,67,posture,right_ankle_roll_joint,-0.018536,0.000000,0.929196,,
perstep,67,posture,waist_yaw_joint,-0.174907,0.000000,0.933190,,
perstep,67,posture,waist_roll_joint,-0.163334,0.000000,0.685896,,
perstep,67,posture,waist_pitch_joint,0.147036,0.000000,0.717238,,
perstep,67,posture,left_shoulder_pitch_joint,-0.044920,0.200000,0.925538,,
perstep,67,posture,left_shoulder_roll_joint,0.237865,0.200000,0.981543,,
perstep,67,posture,left_shoulder_yaw_joint,0.502935,0.000000,0.807893,,
perstep,67,posture,left_elbow_joint,0.110143,1.280000,0.497311,,
perstep,67,posture,left_wrist_roll_joint,-0.709246,0.000000,0.640382,,
perstep,67,posture,left_wrist_pitch_joint,0.254706,0.000000,0.842232,,
perstep,67,posture,left_wrist_yaw_joint,-0.099276,0.000000,0.938507,,
perstep,67,posture,right_shoulder_pitch_joint,-0.451842,0.200000,0.801823,,
perstep,67,posture,right_shoulder_roll_joint,-0.192928,-0.200000,0.996553,,
perstep,67,posture,right_shoulder_yaw_joint,-0.512098,0.000000,0.804393,,
perstep,67,posture,right_elbow_joint,0.077309,1.280000,0.483203,,
perstep,67,posture,right_wrist_roll_joint,-0.250980,0.000000,0.872743,,
perstep,67,posture,right_wrist_pitch_joint,0.412608,0.000000,0.744425,,
perstep,67,posture,right_wrist_yaw_joint,-0.374815,0.000000,0.767835,,
perstep,68,orientation,orientation_rz,0.977099,1.000000,1.000000,,
perstep,68,height,torso_height,0.887449,0.900000,0.986054,,
perstep,68,posture,left_hip_pitch_joint,0.362754,0.000000,0.874035,,
perstep,68,posture,left_hip_roll_joint,0.033601,0.000000,0.988675,,
perstep,68,posture,left_hip_yaw_joint,-0.541699,0.000000,0.803561,,
perstep,68,posture,left_knee_joint,0.528276,0.000000,0.816558,,
perstep,68,posture,left_ankle_pitch_joint,-0.072501,0.000000,0.916920,,
perstep,68,posture,left_ankle_roll_joint,0.032432,0.000000,0.876118,,
perstep,68,posture,right_hip_pitch_joint,0.027820,0.000000,0.990339,,
perstep,68,posture,right_hip_roll_joint,0.244719,0.000000,0.917523,,
perstep,68,posture,right_hip_yaw_joint,-0.361559,0.000000,0.868886,,
perstep,68,posture,right_knee_joint,0.189098,0.000000,0.934336,,
perstep,68,posture,right_ankle_pitch_joint,-0.467833,0.000000,0.463906,,
perstep,68,posture,right_ankle_roll_joint,-0.022718,0.000000,0.913225,,
perstep,68,posture,waist_yaw_joint,-0.137590,0.000000,0.947445,,
perstep,68,posture,waist_roll_joint,-0.164830,0.000000,0.683019,,
perstep,68,posture,waist_pitch_joint,0.123868,0.000000,0.761793,,
perstep,68,posture,left_shoulder_pitch_joint,-0.071488,0.200000,0.917461,,
perstep,68,posture,left_shoulder_roll_joint,0.262169,0.200000,0.969696,,
perstep,68,posture,left_shoulder_yaw_joint,0.509259,0.000000,0.805478,,
perstep,68,posture,left_elbow_joint,0.086913,1.280000,0.487329,,
perstep,68,posture,left_wrist_roll_joint,-0.763294,0.000000,0.612977,,
perstep,68,posture,left_wrist_pitch_joint,0.287454,0.000000,0.821947,,
perstep,68,posture,left_wrist_yaw_joint,-0.100058,0.000000,0.938022,,
perstep,68,posture,right_shoulder_pitch_joint,-0.421513,0.200000,0.811044,,
perstep,68,posture,right_shoulder_roll_joint,-0.192540,-0.200000,0.996364,,
perstep,68,posture,right_shoulder_yaw_joint,-0.520054,0.000000,0.801354,,
perstep,68,posture,right_elbow_joint,0.070156,1.280000,0.480129,,
perstep,68,posture,right_wrist_roll_joint,-0.225213,0.000000,0.885807,,
perstep,68,posture,right_wrist_pitch_joint,0.425474,0.000000,0.736455,,
perstep,68,posture,right_wrist_yaw_joint,-0.371194,0.000000,0.770078,,
perstep,69,orientation,orientation_rz,0.975418,1.000000,1.000000,,
perstep,69,height,torso_height,0.872545,0.900000,0.969494,,
perstep,69,posture,left_hip_pitch_joint,0.355671,0.000000,0.876495,,
perstep,69,posture,left_hip_roll_joint,0.050979,0.000000,0.982819,,
perstep,69,posture,left_hip_yaw_joint,-0.515318,0.000000,0.813128,,
perstep,69,posture,left_knee_joint,0.529313,0.000000,0.816198,,
perstep,69,posture,left_ankle_pitch_joint,-0.077307,0.000000,0.911413,,
perstep,69,posture,left_ankle_roll_joint,0.012849,0.000000,0.950920,,
perstep,69,posture,right_hip_pitch_joint,0.057250,0.000000,0.980120,,
perstep,69,posture,right_hip_roll_joint,0.262845,0.000000,0.911414,,
perstep,69,posture,right_hip_yaw_joint,-0.373576,0.000000,0.864529,,
perstep,69,posture,right_knee_joint,0.197753,0.000000,0.931331,,
perstep,69,posture,right_ankle_pitch_joint,-0.421729,0.000000,0.516737,,
perstep,69,posture,right_ankle_roll_joint,-0.028793,0.000000,0.890020,,
perstep,69,posture,waist_yaw_joint,-0.111515,0.000000,0.957405,,
perstep,69,posture,waist_roll_joint,-0.169339,0.000000,0.674348,,
perstep,69,posture,waist_pitch_joint,0.097845,0.000000,0.811837,,
perstep,69,posture,left_shoulder_pitch_joint,-0.094348,0.200000,0.910511,,
perstep,69,posture,left_shoulder_roll_joint,0.277694,0.200000,0.962128,,
perstep,69,posture,left_shoulder_yaw_joint,0.519674,0.000000,0.801500,,
perstep,69,posture,left_elbow_joint,0.059957,1.280000,0.475747,,
perstep,69,posture,left_wrist_roll_joint,-0.807777,0.000000,0.590423,,
perstep,69,posture,left_wrist_pitch_joint,0.322079,0.000000,0.800500,,
perstep,69,posture,left_wrist_yaw_joint,-0.098828,0.000000,0.938784,,
perstep,69,posture,right_shoulder_pitch_joint,-0.382478,0.200000,0.822912,,
perstep,69,posture,right_shoulder_roll_joint,-0.183310,-0.200000,0.991865,,
perstep,69,posture,right_shoulder_yaw_joint,-0.523338,0.000000,0.800100,,
perstep,69,posture,right_elbow_joint,0.072458,1.280000,0.481118,,
perstep,69,posture,right_wrist_roll_joint,-0.208850,0.000000,0.894104,,
perstep,69,posture,right_wrist_pitch_joint,0.436176,0.000000,0.729827,,
perstep,69,posture,right_wrist_yaw_joint,-0.365598,0.000000,0.773543,,
perstep,70,orientation,orientation_rz,0.974253,1.000000,1.000000,,
perstep,70,height,torso_height,0.853728,0.900000,0.948586,,
perstep,70,posture,left_hip_pitch_joint,0.336966,0.000000,0.882990,,
perstep,70,posture,left_hip_roll_joint,0.071204,0.000000,0.976002,,
perstep,70,posture,left_hip_yaw_joint,-0.490718,0.000000,0.822049,,
perstep,70,posture,left_knee_joint,0.538057,0.000000,0.813162,,
perstep,70,posture,left_ankle_pitch_joint,-0.074877,0.000000,0.914198,,
perstep,70,posture,left_ankle_roll_joint,0.004737,0.000000,0.981907,,
perstep,70,posture,right_hip_pitch_joint,0.074139,0.000000,0.974256,,
perstep,70,posture,right_hip_roll_joint,0.280598,0.000000,0.905430,,
perstep,70,posture,right_hip_yaw_joint,-0.366486,0.000000,0.867100,,
perstep,70,posture,right_knee_joint,0.217321,0.000000,0.924536,,
perstep,70,posture,right_ankle_pitch_joint,-0.356706,0.000000,0.591248,,
perstep,70,posture,right_ankle_roll_joint,-0.026883,0.000000,0.897313,,
perstep,70,posture,waist_yaw_joint,-0.096654,0.000000,0.963081,,
perstep,70,posture,waist_roll_joint,-0.168975,0.000000,0.675048,,
perstep,70,posture,waist_pitch_joint,0.066562,0.000000,0.871997,,
perstep,70,posture,left_shoulder_pitch_joint,-0.108371,0.200000,0.906247,,
perstep,70,posture,left_shoulder_roll_joint,0.284047,0.200000,0.959032,,
perstep,70,posture,left_shoulder_yaw_joint,0.535354,0.000000,0.795510,,
perstep,70,posture,left_elbow_joint,0.041529,1.280000,0.467828,,
perstep,70,posture,left_wrist_roll_joint,-0.842300,0.000000,0.572918,,
perstep,70,posture,left_wrist_pitch_joint,0.358557,0.000000,0.777905,,
perstep,70,posture,left_wrist_yaw_joint,-0.095649,0.000000,0.940753,,
perstep,70,posture,right_shoulder_pitch_joint,-0.335265,0.200000,0.837266,,
perstep,70,posture,right_shoulder_roll_joint,-0.165633,-0.200000,0.983248,,
perstep,70,posture,right_shoulder_yaw_joint,-0.522269,0.000000,0.800509,,
perstep,70,posture,right_elbow_joint,0.083861,1.280000,0.486018,,
perstep,70,posture,right_wrist_roll_joint,-0.202553,0.000000,0.897297,,
perstep,70,posture,right_wrist_pitch_joint,0.444618,0.000000,0.724597,,
perstep,70,posture,right_wrist_yaw_joint,-0.362026,0.000000,0.775756,,
perstep,71,orientation,orientation_rz,0.971762,1.000000,1.000000,,
perstep,71,height,torso_height,0.831583,0.900000,0.923981,,
perstep,71,posture,left_hip_pitch_joint,0.321175,0.000000,0.888473,,
perstep,71,posture,left_hip_roll_joint,0.097395,0.000000,0.967175,,
perstep,71,posture,left_hip_yaw_joint,-0.469674,0.000000,0.829680,,
perstep,71,posture,left_knee_joint,0.555090,0.000000,0.807247,,
perstep,71,posture,left_ankle_pitch_joint,-0.065216,0.000000,0.925268,,
perstep,71,posture,left_ankle_roll_joint,0.005862,0.000000,0.977610,,
perstep,71,posture,right_hip_pitch_joint,0.073488,0.000000,0.974482,,
perstep,71,posture,right_hip_roll_joint,0.328949,0.000000,0.889134,,
perstep,71,posture,right_hip_yaw_joint,-0.346767,0.000000,0.874250,,
perstep,71,posture,right_knee_joint,0.241324,0.000000,0.916201,,
perstep,71,posture,right_ankle_pitch_joint,-0.321099,0.000000,0.632050,,
perstep,71,posture,right_ankle_roll_joint,-0.026663,0.000000,0.898156,,
perstep,71,posture,waist_yaw_joint,-0.096764,0.000000,0.963039,,
perstep,71,posture,waist_roll_joint,-0.175882,0.000000,0.661766,,
perstep,71,posture,waist_pitch_joint,0.051821,0.000000,0.900345,,
perstep,71,posture,left_shoulder_pitch_joint,-0.112303,0.200000,0.905052,,
perstep,71,posture,left_shoulder_roll_joint,0.280834,0.200000,0.960598,,
perstep,71,posture,left_shoulder_yaw_joint,0.558578,0.000000,0.786639,,
perstep,71,posture,left_elbow_joint,0.032536,1.280000,0.463963,,
perstep,71,posture,left_wrist_roll_joint,-0.866775,0.000000,0.560508,,
perstep,71,posture,left_wrist_pitch_joint,0.392973,0.000000,0.756587,,
perstep,71,posture,left_wrist_yaw_joint,-0.092271,0.000000,0.942846,,
perstep,71,posture,right_shoulder_pitch_joint,-0.277219,0.200000,0.854913,,
perstep,71,posture,right_shoulder_roll_joint,-0.138302,-0.200000,0.969926,,
perstep,71,posture,right_shoulder_yaw_joint,-0.516928,0.000000,0.802549,,
perstep,71,posture,right_elbow_joint,0.106959,1.280000,0.495943,,
perstep,71,posture,right_wrist_roll_joint,-0.206112,0.000000,0.895493,,
perstep,71,posture,right_wrist_pitch_joint,0.451271,0.000000,0.720477,,
perstep,71,posture,right_wrist_yaw_joint,-0.360321,0.000000,0.776813,,
perstep,72,orientation,orientation_rz,0.971377,1.000000,1.000000,,
perstep,72,height,torso_height,0.817423,0.900000,0.908248,,
perstep,72,posture,left_hip_pitch_joint,0.309630,0.000000,0.892482,,
perstep,72,posture,left_hip_roll_joint,0.116380,0.000000,0.960777,,
perstep,72,posture,left_hip_yaw_joint,-0.457985,0.000000,0.833919,,
perstep,72,posture,left_knee_joint,0.576746,0.000000,0.799727,,
perstep,72,posture,left_ankle_pitch_joint,-0.057704,0.000000,0.933877,,
perstep,72,posture,left_ankle_roll_joint,0.007670,0.000000,0.970703,,
perstep,72,posture,right_hip_pitch_joint,0.064188,0.000000,0.977711,,
perstep,72,posture,right_hip_roll_joint,0.362605,0.000000,0.877791,,
perstep,72,posture,right_hip_yaw_joint,-0.308153,0.000000,0.888253,,
perstep,72,posture,right_knee_joint,0.277234,0.000000,0.903731,,
perstep,72,posture,right_ankle_pitch_joint,-0.282640,0.000000,0.676121,,
perstep,72,posture,right_ankle_roll_joint,-0.019463,0.000000,0.925657,,
perstep,72,posture,waist_yaw_joint,-0.108578,0.000000,0.958526,,
perstep,72,posture,waist_roll_joint,-0.189830,0.000000,0.634942,,
perstep,72,posture,waist_pitch_joint,0.034388,0.000000,0.933869,,
perstep,72,posture,left_shoulder_pitch_joint,-0.107020,0.200000,0.906658,,
perstep,72,posture,left_shoulder_roll_joint,0.268127,0.200000,0.966792,,
perstep,72,posture,left_shoulder_yaw_joint,0.584482,0.000000,0.776745,,
perstep,72,posture,left_elbow_joint,0.028561,1.280000,0.462256,,
perstep,72,posture,left_wrist_roll_joint,-0.882271,0.000000,0.552651,,
perstep,72,posture,left_wrist_pitch_joint,0.425332,0.000000,0.736543,,
perstep,72,posture,left_wrist_yaw_joint,-0.087499,0.000000,0.945802,,
perstep,72,posture,right_shoulder_pitch_joint,-0.221795,0.200000,0.871764,,
perstep,72,posture,right_shoulder_roll_joint,-0.113466,-0.200000,0.957819,,
perstep,72,posture,right_shoulder_yaw_joint,-0.516275,0.000000,0.802798,,
perstep,72,posture,right_elbow_joint,0.140873,1.280000,0.510516,,
perstep,72,posture,right_wrist_roll_joint,-0.219566,0.000000,0.888671,,
perstep,72,posture,right_wrist_pitch_joint,0.456034,0.000000,0.717526,,
perstep,72,posture,right_wrist_yaw_joint,-0.358077,0.000000,0.778202,,
perstep,73,orientation,orientation_rz,0.970724,1.000000,1.000000,,
perstep,73,height,torso_height,0.803354,0.900000,0.892616,,
perstep,73,posture,left_hip_pitch_joint,0.302953,0.000000,0.894801,,
perstep,73,posture,left_hip_roll_joint,0.126100,0.000000,0.957501,,
perstep,73,posture,left_hip_yaw_joint,-0.454622,0.000000,0.835139,,
perstep,73,posture,left_knee_joint,0.598597,0.000000,0.792139,,
perstep,73,posture,left_ankle_pitch_joint,-0.048209,0.000000,0.944757,,
perstep,73,posture,left_ankle_roll_joint,0.012075,0.000000,0.953875,,
perstep,73,posture,right_hip_pitch_joint,0.056474,0.000000,0.980389,,
perstep,73,posture,right_hip_roll_joint,0.377500,0.000000,0.872771,,
perstep,73,posture,right_hip_yaw_joint,-0.261207,0.000000,0.905277,,
perstep,73,posture,right_knee_joint,0.325978,0.000000,0.886805,,
perstep,73,posture,right_ankle_pitch_joint,-0.231154,0.000000,0.735119,,
perstep,73,posture,right_ankle_roll_joint,-0.005659,0.000000,0.978384,,
perstep,73,posture,waist_yaw_joint,-0.130237,0.000000,0.950253,,
perstep,73,posture,waist_roll_joint,-0.213611,0.000000,0.589210,,
perstep,73,posture,waist_pitch_joint,0.014526,0.000000,0.972066,,
perstep,73,posture,left_shoulder_pitch_joint,-0.092719,0.200000,0.911006,,
perstep,73,posture,left_shoulder_roll_joint,0.246152,0.200000,0.977503,,
perstep,73,posture,left_shoulder_yaw_joint,0.607595,0.000000,0.767916,,
perstep,73,posture,left_elbow_joint,0.027750,1.280000,0.461907,,
perstep,73,posture,left_wrist_roll_joint,-0.890467,0.000000,0.548495,,
perstep,73,posture,left_wrist_pitch_joint,0.455614,0.000000,0.717787,,
perstep,73,posture,left_wrist_yaw_joint,-0.080913,0.000000,0.949881,,
perstep,73,posture,right_shoulder_pitch_joint,-0.173508,0.200000,0.886444,,
perstep,73,posture,right_shoulder_roll_joint,-0.095706,-0.200000,0.949162,,
perstep,73,posture,right_shoulder_yaw_joint,-0.523795,0.000000,0.799926,,
perstep,73,posture,right_elbow_joint,0.185149,1.280000,0.529541,,
perstep,73,posture,right_wrist_roll_joint,-0.242965,0.000000,0.876806,,
perstep,73,posture,right_wrist_pitch_joint,0.458853,0.000000,0.715780,,
perstep,73,posture,right_wrist_yaw_joint,-0.354276,0.000000,0.780557,,
perstep,74,orientation,orientation_rz,0.968512,1.000000,1.000000,,
perstep,74,height,torso_height,0.787013,0.900000,0.874459,,
perstep,74,posture,left_hip_pitch_joint,0.301430,0.000000,0.895329,,
perstep,74,posture,left_hip_roll_joint,0.136654,0.000000,0.953944,,
perstep,74,posture,left_hip_yaw_joint,-0.458798,0.000000,0.833624,,
perstep,74,posture,left_knee_joint,0.631888,0.000000,0.780579,,
perstep,74,posture,left_ankle_pitch_joint,-0.032310,0.000000,0.962975,,
perstep,74,posture,left_ankle_roll_joint,0.022467,0.000000,0.914181,,
perstep,74,posture,right_hip_pitch_joint,0.048843,0.000000,0.983040,,
perstep,74,posture,right_hip_roll_joint,0.388896,0.000000,0.868931,,
perstep,74,posture,right_hip_yaw_joint,-0.228206,0.000000,0.917245,,
perstep,74,posture,right_knee_joint,0.375034,0.000000,0.869771,,
perstep,74,posture,right_ankle_pitch_joint,-0.171907,0.000000,0.803010,,
perstep,74,posture,right_ankle_roll_joint,-0.000282,0.000000,0.998924,,
perstep,74,posture,waist_yaw_joint,-0.152900,0.000000,0.941597,,
perstep,74,posture,waist_roll_joint,-0.238766,0.000000,0.540835,,
perstep,74,posture,waist_pitch_joint,0.006683,0.000000,0.987148,,
perstep,74,posture,left_shoulder_pitch_joint,-0.073862,0.200000,0.916739,,
perstep,74,posture,left_shoulder_roll_joint,0.223278,0.200000,0.988653,,
perstep,74,posture,left_shoulder_yaw_joint,0.620825,0.000000,0.762863,,
perstep,74,posture,left_elbow_joint,0.023886,1.280000,0.460247,,
perstep,74,posture,left_wrist_roll_joint,-0.897856,0.000000,0.544748,,
perstep,74,posture,left_wrist_pitch_joint,0.483859,0.000000,0.700291,,
perstep,74,posture,left_wrist_yaw_joint,-0.076293,0.000000,0.952743,,
perstep,74,posture,right_shoulder_pitch_joint,-0.134354,0.200000,0.898348,,
perstep,74,posture,right_shoulder_roll_joint,-0.087271,-0.200000,0.945050,,
perstep,74,posture,right_shoulder_yaw_joint,-0.534942,0.000000,0.795668,,
perstep,74,posture,right_elbow_joint,0.239641,1.280000,0.552957,,
perstep,74,posture,right_wrist_roll_joint,-0.276065,0.000000,0.860023,,
perstep,74,posture,right_wrist_pitch_joint,0.459703,0.000000,0.715254,,
perstep,74,posture,right_wrist_yaw_joint,-0.348470,0.000000,0.784153,,
perstep,75,orientation,orientation_rz,0.964682,1.000000,1.000000,,
perstep,75,height,torso_height,0.769245,0.900000,0.854716,,
perstep,75,posture,left_hip_pitch_joint,0.304719,0.000000,0.894187,,
perstep,75,posture,left_hip_roll_joint,0.146582,0.000000,0.950598,,
perstep,75,posture,left_hip_yaw_joint,-0.462921,0.000000,0.832129,,
perstep,75,posture,left_knee_joint,0.671365,0.000000,0.766871,,
perstep,75,posture,left_ankle_pitch_joint,-0.011939,0.000000,0.986319,,
perstep,75,posture,left_ankle_roll_joint,0.033377,0.000000,0.872511,,
perstep,75,posture,right_hip_pitch_joint,0.036731,0.000000,0.987245,,
perstep,75,posture,right_hip_roll_joint,0.389304,0.000000,0.868793,,
perstep,75,posture,right_hip_yaw_joint,-0.202998,0.000000,0.926386,,
perstep,75,posture,right_knee_joint,0.422557,0.000000,0.853269,,
perstep,75,posture,right_ankle_pitch_joint,-0.111703,0.000000,0.871998,,
perstep,75,posture,right_ankle_roll_joint,-0.001171,0.000000,0.995526,,
perstep,75,posture,waist_yaw_joint,-0.173663,0.000000,0.933666,,
perstep,75,posture,waist_roll_joint,-0.262848,0.000000,0.494524,,
perstep,75,posture,waist_pitch_joint,0.008153,0.000000,0.984320,,
perstep,75,posture,left_shoulder_pitch_joint,-0.054393,0.200000,0.922658,,
perstep,75,posture,left_shoulder_roll_joint,0.203800,0.200000,0.998148,,
perstep,75,posture,left_shoulder_yaw_joint,0.624119,0.000000,0.761605,,
perstep,75,posture,left_elbow_joint,0.021191,1.280000,0.459089,,
perstep,75,posture,left_wrist_roll_joint,-0.902848,0.000000,0.542218,,
perstep,75,posture,left_wrist_pitch_joint,0.510089,0.000000,0.684044,,
perstep,75,posture,left_wrist_yaw_joint,-0.073647,0.000000,0.954382,,
perstep,75,posture,right_shoulder_pitch_joint,-0.104936,0.200000,0.907292,,
perstep,75,posture,right_shoulder_roll_joint,-0.088479,-0.200000,0.945639,,
perstep,75,posture,right_shoulder_yaw_joint,-0.552342,0.000000,0.789021,,
perstep,75,posture,right_elbow_joint,0.304095,1.280000,0.580653,,
perstep,75,posture,right_wrist_roll_joint,-0.313940,0.000000,0.840819,,
perstep,75,posture,right_wrist_pitch_joint,0.458519,0.000000,0.715987,,
perstep,75,posture,right_wrist_yaw_joint,-0.340656,0.000000,0.788993,,
perstep,76,orientation,orientation_rz,0.958659,1.000000,1.000000,,
perstep,76,height,torso_height,0.749124,0.900000,0.832359,,
perstep,76,posture,left_hip_pitch_joint,0.310226,0.000000,0.892275,,
perstep,76,posture,left_hip_roll_joint,0.150364,0.000000,0.949323,,
perstep,76,posture,left_hip_yaw_joint,-0.441455,0.000000,0.839913,,
perstep,76,posture,left_knee_joint,0.698307,0.000000,0.757515,,
perstep,76,posture,left_ankle_pitch_joint,0.004586,0.000000,0.994745,,
perstep,76,posture,left_ankle_roll_joint,0.024291,0.000000,0.907217,,
perstep,76,posture,right_hip_pitch_joint,0.022402,0.000000,0.992221,,
perstep,76,posture,right_hip_roll_joint,0.388406,0.000000,0.869096,,
perstep,76,posture,right_hip_yaw_joint,-0.174132,0.000000,0.936854,,
perstep,76,posture,right_knee_joint,0.471847,0.000000,0.836153,,
perstep,76,posture,right_ankle_pitch_joint,-0.072006,0.000000,0.917488,,
perstep,76,posture,right_ankle_roll_joint,-0.004966,0.000000,0.981032,,
perstep,76,posture,waist_yaw_joint,-0.181261,0.000000,0.930764,,
perstep,76,posture,waist_roll_joint,-0.281000,0.000000,0.459616,,
perstep,76,posture,waist_pitch_joint,0.001647,0.000000,0.996833,,
perstep,76,posture,left_shoulder_pitch_joint,-0.039134,0.200000,0.927297,,
perstep,76,posture,left_shoulder_roll_joint,0.193030,0.200000,0.996602,,
perstep,76,posture,left_shoulder_yaw_joint,0.620406,0.000000,0.763023,,
perstep,76,posture,left_elbow_joint,0.024175,1.280000,0.460371,,
perstep,76,posture,left_wrist_roll_joint,-0.897784,0.000000,0.544785,,
perstep,76,posture,left_wrist_pitch_joint,0.534462,0.000000,0.668947,,
perstep,76,posture,left_wrist_yaw_joint,-0.072957,0.000000,0.954809,,
perstep,76,posture,right_shoulder_pitch_joint,-0.085241,0.200000,0.913280,,
perstep,76,posture,right_shoulder_roll_joint,-0.099776,-0.200000,0.951146,,
perstep,76,posture,right_shoulder_yaw_joint,-0.579806,0.000000,0.778531,,
perstep,76,posture,right_elbow_joint,0.378228,1.280000,0.612508,,
perstep,76,posture,right_wrist_roll_joint,-0.341844,0.000000,0.826670,,
perstep,76,posture,right_wrist_pitch_joint,0.455256,0.000000,0.718008,,
perstep,76,posture,right_wrist_yaw_joint,-0.330877,0.000000,0.795050,,
perstep,77,orientation,orientation_rz,0.948005,1.000000,0.995567,,
perstep,77,height,torso_height,0.725237,0.900000,0.805819,,
perstep,77,posture,left_hip_pitch_joint,0.327775,0.000000,0.886181,,
perstep,77,posture,left_hip_roll_joint,0.151470,0.000000,0.948950,,
perstep,77,posture,left_hip_yaw_joint,-0.421526,0.000000,0.847140,,
perstep,77,posture,left_knee_joint,0.719733,0.000000,0.750075,,
perstep,77,posture,left_ankle_pitch_joint,0.022267,0.000000,0.974484,,
perstep,77,posture,left_ankle_roll_joint,0.013347,0.000000,0.949020,,
perstep,77,posture,right_hip_pitch_joint,0.008028,0.000000,0.997212,,
perstep,77,posture,right_hip_roll_joint,0.382279,0.000000,0.871161,,
perstep,77,posture,right_hip_yaw_joint,-0.149607,0.000000,0.945748,,
perstep,77,posture,right_knee_joint,0.523779,0.000000,0.818120,,
perstep,77,posture,right_ankle_pitch_joint,-0.051808,0.000000,0.940633,,
perstep,77,posture,right_ankle_roll_joint,-0.004108,0.000000,0.984309,,
perstep,77,posture,waist_yaw_joint,-0.195696,0.000000,0.925250,,
perstep,77,posture,waist_roll_joint,-0.293127,0.000000,0.436294,,
perstep,77,posture,waist_pitch_joint,-0.014687,0.000000,0.971755,,
perstep,77,posture,left_shoulder_pitch_joint,-0.019133,0.200000,0.933378,,
perstep,77,posture,left_shoulder_roll_joint,0.191122,0.200000,0.995672,,
perstep,77,posture,left_shoulder_yaw_joint,0.617847,0.000000,0.764000,,
perstep,77,posture,left_elbow_joint,0.022224,1.280000,0.459533,,
perstep,77,posture,left_wrist_roll_joint,-0.889289,0.000000,0.549093,,
perstep,77,posture,left_wrist_pitch_joint,0.560882,0.000000,0.652582,,
perstep,77,posture,left_wrist_yaw_joint,-0.074213,0.000000,0.954031,,
perstep,77,posture,right_shoulder_pitch_joint,-0.076325,0.200000,0.915990,,
perstep,77,posture,right_shoulder_roll_joint,-0.120899,-0.200000,0.961442,,
perstep,77,posture,right_shoulder_yaw_joint,-0.616963,0.000000,0.764338,,
perstep,77,posture,right_elbow_joint,0.462104,1.280000,0.648549,,
perstep,77,posture,right_wrist_roll_joint,-0.359754,0.000000,0.817590,,
perstep,77,posture,right_wrist_pitch_joint,0.449892,0.000000,0.721331,,
perstep,77,posture,right_wrist_yaw_joint,-0.319077,0.000000,0.802359,,
perstep,78,orientation,orientation_rz,0.933027,1.000000,0.962281,,
perstep,78,height,torso_height,0.696917,0.900000,0.774352,,
perstep,78,posture,left_hip_pitch_joint,0.347582,0.000000,0.879303,,
perstep,78,posture,left_hip_roll_joint,0.149023,0.000000,0.949775,,
perstep,78,posture,left_hip_yaw_joint,-0.410167,0.000000,0.851260,,
perstep,78,posture,left_knee_joint,0.744807,0.000000,0.741368,,
perstep,78,posture,left_ankle_pitch_joint,0.033977,0.000000,0.961066,,
perstep,78,posture,left_ankle_roll_joint,0.009725,0.000000,0.962854,,
perstep,78,posture,right_hip_pitch_joint,-0.000796,0.000000,0.999724,,
perstep,78,posture,right_hip_roll_joint,0.376811,0.000000,0.873003,,
perstep,78,posture,right_hip_yaw_joint,-0.138296,0.000000,0.949849,,
perstep,78,posture,right_knee_joint,0.567419,0.000000,0.802966,,
perstep,78,posture,right_ankle_pitch_joint,-0.042305,0.000000,0.951522,,
perstep,78,posture,right_ankle_roll_joint,-0.000151,0.000000,0.999422,,
perstep,78,posture,waist_yaw_joint,-0.211576,0.000000,0.919184,,
perstep,78,posture,waist_roll_joint,-0.299748,0.000000,0.423561,,
perstep,78,posture,waist_pitch_joint,-0.029557,0.000000,0.943159,,
perstep,78,posture,left_shoulder_pitch_joint,-0.002763,0.200000,0.938355,,
perstep,78,posture,left_shoulder_roll_joint,0.183610,0.200000,0.992011,,
perstep,78,posture,left_shoulder_yaw_joint,0.625284,0.000000,0.761160,,
perstep,78,posture,left_elbow_joint,0.029985,1.280000,0.462867,,
perstep,78,posture,left_wrist_roll_joint,-0.881584,0.000000,0.552999,,
perstep,78,posture,left_wrist_pitch_joint,0.589259,0.000000,0.635005,,
perstep,78,posture,left_wrist_yaw_joint,-0.077517,0.000000,0.951985,,
perstep,78,posture,right_shoulder_pitch_joint,-0.077609,0.200000,0.915600,,
perstep,78,posture,right_shoulder_roll_joint,-0.138642,-0.200000,0.970091,,
perstep,78,posture,right_shoulder_yaw_joint,-0.657358,0.000000,0.748908,,
perstep,78,posture,right_elbow_joint,0.555282,1.280000,0.688588,,
perstep,78,posture,right_wrist_roll_joint,-0.374692,0.000000,0.810015,,
perstep,78,posture,right_wrist_pitch_joint,0.442394,0.000000,0.725975,,
perstep,78,posture,right_wrist_yaw_joint,-0.305388,0.000000,0.810839,,
perstep,79,orientation,orientation_rz,0.914181,1.000000,0.920403,,
perstep,79,height,torso_height,0.664350,0.900000,0.738167,,
perstep,79,posture,left_hip_pitch_joint,0.375038,0.000000,0.869769,,
perstep,79,posture,left_hip_roll_joint,0.142489,0.000000,0.951977,,
perstep,79,posture,left_hip_yaw_joint,-0.404901,0.000000,0.853169,,
perstep,79,posture,left_knee_joint,0.764818,0.000000,0.734420,,
perstep,79,posture,left_ankle_pitch_joint,0.045101,0.000000,0.948318,,
perstep,79,posture,left_ankle_roll_joint,0.006659,0.000000,0.974563,,
perstep,79,posture,right_hip_pitch_joint,-0.003201,0.000000,0.998888,,
perstep,79,posture,right_hip_roll_joint,0.373534,0.000000,0.874108,,
perstep,79,posture,right_hip_yaw_joint,-0.140906,0.000000,0.948903,,
perstep,79,posture,right_knee_joint,0.599854,0.000000,0.791703,,
perstep,79,posture,right_ankle_pitch_joint,-0.032343,0.000000,0.962937,,
perstep,79,posture,right_ankle_roll_joint,-0.001367,0.000000,0.994780,,
perstep,79,posture,waist_yaw_joint,-0.222692,0.000000,0.914938,,
perstep,79,posture,waist_roll_joint,-0.301225,0.000000,0.420722,,
perstep,79,posture,waist_pitch_joint,-0.058056,0.000000,0.888353,,
perstep,79,posture,left_shoulder_pitch_joint,0.011259,0.200000,0.942618,,
perstep,79,posture,left_shoulder_roll_joint,0.177659,0.200000,0.989110,,
perstep,79,posture,left_shoulder_yaw_joint,0.642616,0.000000,0.754539,,
perstep,79,posture,left_elbow_joint,0.042613,1.280000,0.468294,,
perstep,79,posture,left_wrist_roll_joint,-0.865003,0.000000,0.561406,,
perstep,79,posture,left_wrist_pitch_joint,0.619711,0.000000,0.616142,,
perstep,79,posture,left_wrist_yaw_joint,-0.082831,0.000000,0.948693,,
perstep,79,posture,right_shoulder_pitch_joint,-0.087684,0.200000,0.912537,,
perstep,79,posture,right_shoulder_roll_joint,-0.150369,-0.200000,0.975808,,
perstep,79,posture,right_shoulder_yaw_joint,-0.699085,0.000000,0.732970,,
perstep,79,posture,right_elbow_joint,0.638679,1.280000,0.724424,,
perstep,79,posture,right_wrist_roll_joint,-0.391688,0.000000,0.801398,,
perstep,79,posture,right_wrist_pitch_joint,0.433024,0.000000,0.731779,,
perstep,79,posture,right_wrist_yaw_joint,-0.292090,0.000000,0.819075,,
discounted_sum,,orientation,orientation_rz,,,,0.999000,
discounted_sum,,height,torso_height,,,,0.940273,
discounted_sum,,posture,left_hip_pitch_joint,,,,0.948675,
discounted_sum,,posture,left_hip_roll_joint,,,,0.976526,
discounted_sum,,posture,left_hip_yaw_joint,,,,0.919807,
discounted_sum,,posture,left_knee_joint,,,,0.886885,
discounted_sum,,posture,left_ankle_pitch_joint,,,,0.943690,
discounted_sum,,posture,left_ankle_roll_joint,,,,0.961020,
discounted_sum,,posture,right_hip_pitch_joint,,,,0.960838,
discounted_sum,,posture,right_hip_roll_joint,,,,0.967426,
discounted_sum,,posture,right_hip_yaw_joint,,,,0.964097,
discounted_sum,,posture,right_knee_joint,,,,0.912830,
discounted_sum,,posture,right_ankle_pitch_joint,,,,0.887723,
discounted_sum,,posture,right_ankle_roll_joint,,,,0.946275,
discounted_sum,,posture,waist_yaw_joint,,,,0.966095,
discounted_sum,,posture,waist_roll_joint,,,,0.882036,
discounted_sum,,posture,waist_pitch_joint,,,,0.921052,
discounted_sum,,posture,left_shoulder_pitch_joint,,,,0.961645,
discounted_sum,,posture,left_shoulder_roll_joint,,,,0.928224,
discounted_sum,,posture,left_shoulder_yaw_joint,,,,0.935904,
discounted_sum,,posture,left_elbow_joint,,,,0.605270,
discounted_sum,,posture,left_wrist_roll_joint,,,,0.850139,
discounted_sum,,posture,left_wrist_pitch_joint,,,,0.948935,
discounted_sum,,posture,left_wrist_yaw_joint,,,,0.973056,
discounted_sum,,posture,right_shoulder_pitch_joint,,,,0.900300,
discounted_sum,,posture,right_shoulder_roll_joint,,,,0.925725,
discounted_sum,,posture,right_shoulder_yaw_joint,,,,0.930359,
discounted_sum,,posture,right_elbow_joint,,,,0.635419,
discounted_sum,,posture,right_wrist_roll_joint,,,,0.957771,
discounted_sum,,posture,right_wrist_pitch_joint,,,,0.922643,
discounted_sum,,posture,right_wrist_yaw_joint,,,,0.908294,
group_score,,orientation,inner pmean(p=-2) over 1 atoms,,,,,0.999000
group_score,,height,inner pmean(p=-2) over 1 atoms,,,,,0.940273
group_score,,posture,inner pmean(p=-2) over 29 atoms,,,,,0.893308
final,,ALL,fpl_score = outer pmean(p=-2),,,,,0.941246
final,,ALL,cost = -log(fpl_score),,,,,0.060550
